geo_id,geo_name,coverage,elderly_base,elderly_latest,growth_pct,z_coverage,z_growth,squeeze,rank,country
NO-3216,Vestby,23.0,495.0,684.0,38.18181818181819,-1.1985613670600708,3.1515644308888717,4.350125797948943,1,NO
NO-4632,Austrheim,20.9,134.0,176.0,31.343283582089555,-1.521849914578761,2.4411416033416677,3.962991517920429,2,NO
NO-3214,Frogn,19.8,660.0,848.0,28.484848484848484,-1.691191534707598,2.144192379128815,3.835383913836413,3,NO
NO-5026,Holtålen,22.6,117.0,155.0,32.47863247863248,-1.2601401380160115,2.559087599164607,3.8192277371806185,4,NO
NO-4216,Birkenes,27.5,160.0,222.0,38.75,-0.5058001938057352,3.210590137046687,3.7163903308524224,5,NO
NO-3220,Enebakk,20.2,285.0,357.0,25.263157894736842,-1.6296127637516575,1.8095062698269544,3.4391190335786117,6,NO
NO-1127,Randaberg,25.6,404.0,528.0,30.693069306930692,-0.7982993558464544,2.373593935470214,3.1718932913166684,7,NO
NO-5522,Salangen,22.6,103.0,130.0,26.21359223300971,-1.2601401380160115,1.9082423718597727,3.1683825098757845,8,NO
NO-1114,Bjerkreim,16.5,87.0,101.0,16.091954022988507,-2.199216395094111,0.8567535284958123,3.0559699235899234,9,NO
NO-3232,Nittedal,23.0,731.0,908.0,24.21340629274966,-1.1985613670600708,1.7004525697351927,2.8990139367952636,10,NO
NO-1122,Gjesdal,25.4,258.0,329.0,27.51937984496124,-0.8290887413244253,2.043894435021891,2.8729831763463163,11,NO
NO-1816,Vevelstad,29.0,25.0,33.0,32.0,-0.2748798027209567,2.5093647478918353,2.784244550612792,12,NO
NO-1804,Bodø,22.2,1902.0,2310.0,21.451104100946374,-1.3217189089719528,1.4134901357484433,2.735209044720396,13,NO
NO-3222,Lørenskog,21.1,1315.0,1568.0,19.23954372623574,-1.49106052910079,1.183741649171271,2.674802178272061,14,NO
NO-3453,Øystre Slidre,22.0,147.0,177.0,20.408163265306122,-1.3525082944499232,1.3051439737725437,2.657652268222467,15,NO
NO-1146,Tysvær,23.6,385.0,471.0,22.337662337662337,-1.1061932106261592,1.5055904534594937,2.611783664085653,16,NO
NO-4215,Lillesand,25.0,431.0,536.0,24.361948955916475,-0.890667512280366,1.7158839603700442,2.60655147265041,17,NO
NO-3230,Gjerdrum,20.3,232.0,269.0,15.948275862068966,-1.614218071012672,0.8418274878582037,2.4560455588708754,18,NO
NO-1120,Klepp,22.4,546.0,643.0,17.765567765567766,-1.2909295234939824,1.030617298560264,2.3215468220542466,19,NO
NO-3114,Våler (Østfold),26.6,146.0,181.0,23.972602739726025,-0.6443524284566021,1.675436634153138,2.31978906260974,20,NO
NO-1124,Sola,22.8,822.0,972.0,18.248175182481752,-1.2293507525380412,1.0807530872616755,2.3101038397997167,21,NO
NO-3425,Engerdal,25.5,86.0,105.0,22.093023255813954,-0.8136940485854399,1.4801760630340688,2.293870111619509,22,NO
NO-1818,Herøy (Nordland),33.9,79.0,106.0,34.177215189873415,0.4794601414893196,2.7355452766018855,2.256085135112566,23,NO
NO-3224,Rælingen,22.5,505.0,591.0,17.02970297029703,-1.275534830754997,0.9541718056078081,2.2297066363628053,24,NO
NO-1149,Karmøy,19.8,1708.0,1930.0,12.997658079625293,-1.691191534707598,0.5353018430076422,2.22649337771524,25,NO
NO-3203,Asker,21.5,3730.0,4304.0,15.388739946380698,-1.4294817581448493,0.7836999633804819,2.213181721525331,26,NO
NO-3209,Ullensaker,22.7,1121.0,1313.0,17.127564674397856,-1.2447454452770266,0.964338192502839,2.2090836377798655,27,NO
NO-4222,Bykle,40.5,23.0,33.0,43.47826086956522,1.4955098622623453,3.701786665681728,2.206276803419383,28,NO
NO-1841,Fauske - Fuossko,22.3,493.0,571.0,15.821501014198782,-1.3063242162329674,0.8286574520014901,2.1349816682344573,29,NO
NO-1108,Sandnes,20.9,2268.0,2579.0,13.71252204585538,-1.521849914578761,0.609565659735416,2.131415574314177,30,NO
NO-5526,Sørreisa,21.9,168.0,192.0,14.285714285714285,-1.3679029871889086,0.6691118747658755,2.037014861954784,31,NO
NO-3236,Jevnaker,19.1,318.0,348.0,9.433962264150944,-1.7989543838804947,0.1650864378171953,1.96404082169769,32,NO
NO-1119,Hå,22.9,613.0,705.0,15.00815660685155,-1.2139560597990562,0.7441629707334922,1.9581190305325484,33,NO
NO-4626,Øygarden,26.0,1090.0,1297.0,18.990825688073397,-0.7367205848905137,1.1579035153786457,1.8946241002691595,34,NO
NO-5501,Tromsø,27.3,2111.0,2549.0,20.748460445286593,-0.5365895792837055,1.3404958289518185,1.8770854082355242,35,NO
NO-3234,Lunner,23.2,335.0,383.0,14.328358208955224,-1.1677719815821004,0.6735419490873151,1.8413139306694155,36,NO
NO-3205,Lillestrøm,24.1,3118.0,3600.0,15.458627325208468,-1.029219746931233,0.7909602307012991,1.820179977632532,37,NO
NO-3312,Lier,23.7,946.0,1085.0,14.693446088794925,-1.0907985178871742,0.7114691921415839,1.802267710028758,38,NO
NO-5029,Skaun,23.0,279.0,317.0,13.620071684587815,-1.1985613670600708,0.5999614315046968,1.7985227985647676,39,NO
NO-4614,Stord,26.2,758.0,894.0,17.941952506596305,-0.7059311994125433,1.0489410702148885,1.7548722696274317,40,NO
NO-1851,Lødingen,23.7,155.0,177.0,14.193548387096774,-1.0907985178871742,0.6595371980066355,1.7503357158938098,41,NO
NO-5052,Leka,22.7,41.0,46.0,12.195121951219512,-1.2447454452770266,0.4519301824221353,1.696675627699162,42,NO
NO-3903,Holmestrand,25.4,1015.0,1177.0,15.960591133004925,-0.8290887413244253,0.8431068627699986,1.672195604094424,43,NO
NO-3446,Gran,19.6,720.0,772.0,7.222222222222221,-1.7219809201855685,-0.06468071353255823,1.6573002066530103,44,NO
NO-4627,Askøy,26.7,865.0,1018.0,17.6878612716763,-0.6289577357176172,1.0225447405722785,1.6515024762898958,45,NO
NO-4012,Bamble,27.1,581.0,687.0,18.244406196213426,-0.5673789647616759,1.0803615452079383,1.6477405099696143,46,NO
NO-5001,Trondheim - Tråante,23.7,6719.0,7595.0,13.037654412859057,-1.0907985178871742,0.5394568717982515,1.6302553896854257,47,NO
NO-3901,Horten,20.3,1338.0,1443.0,7.847533632286996,-1.614218071012672,0.0002799141512404066,1.6144979851639123,48,NO
NO-5057,Ørland,28.0,542.0,645.0,19.00369003690037,-0.428826730110809,1.1592399313804853,1.5880666614912944,49,NO
NO-1566,Surnadal,30.8,312.0,384.0,23.076923076923077,0.002224666580777669,1.5823887348780143,1.5801640682972367,50,NO
NO-1106,Haugesund,21.9,1493.0,1638.0,9.71198928332217,-1.3679029871889086,0.1939693422192555,1.561872329408164,51,NO
NO-3218,Ås,21.8,756.0,827.0,9.39153439153439,-1.3832976799278935,0.16067880796733527,1.543976487895229,52,NO
NO-3240,Eidsvoll,25.7,804.0,925.0,15.049751243781095,-0.7829046631074695,0.7484840396916664,1.531388702799136,53,NO
NO-3110,Hvaler,21.0,211.0,228.0,8.056872037914692,-1.5064552218397755,0.022027085255142197,1.5284823070949178,54,NO
NO-3238,Nannestad,29.4,358.0,431.0,20.391061452513966,-0.21330103176501594,1.3033673477976648,1.5166683795626807,55,NO
NO-1820,Alstahaug,26.9,324.0,378.0,16.666666666666664,-0.5981683502396468,0.9164576910462463,1.5146260412858932,56,NO
NO-4202,Grimstad,26.8,874.0,1018.0,16.475972540045767,-0.6135630429786317,0.8966473853945006,1.5102104283731324,57,NO
NO-1811,Bindal,25.6,98.0,112.0,14.285714285714285,-0.7982993558464544,0.6691118747658755,1.46741123061233,58,NO
NO-1121,Time,25.6,641.0,732.0,14.19656786271451,-0.7982993558464544,0.6598508769644266,1.458150232810881,59,NO
NO-4612,Sveio,25.0,208.0,235.0,12.980769230769232,-0.890667512280366,0.5335473408429802,1.4242148531233463,60,NO
NO-3334,Flesberg,26.3,135.0,155.0,14.814814814814813,-0.6905365066735579,0.724077611717069,1.414614118390627,61,NO
NO-5035,Stjørdal,27.5,1000.0,1165.0,16.5,-0.5058001938057352,0.8991434839066206,1.4049436777123558,62,NO
NO-3412,Løten,24.6,348.0,390.0,12.068965517241379,-0.9522462832363068,0.4388243906427716,1.3910706738790783,63,NO
NO-4637,Hyllestad,28.8,89.0,105.0,17.97752808988764,-0.305669188198927,1.0526368483242037,1.3583060365231308,64,NO
NO-3101,Halden,21.6,1504.0,1612.0,7.180851063829788,-1.4140870654058637,-0.06897856636863542,1.3451084990372282,65,NO
NO-1554,Averøy,33.3,258.0,321.0,24.418604651162788,0.387091985055408,1.7217696510288494,1.3346776659734414,66,NO
NO-5031,Malvik,30.5,430.0,517.0,20.232558139534884,-0.04395941163617814,1.286901192638244,1.3308606042744222,67,NO
NO-5028,Melhus,30.5,683.0,821.0,20.20497803806735,-0.04395941163617814,1.2840360270997992,1.3279954387359774,68,NO
NO-3107,Fredrikstad,22.4,3721.0,4024.0,8.142972319269013,-1.2909295234939824,0.030971633892034955,1.3219011573860173,69,NO
NO-1840,Saltdal,25.8,252.0,285.0,13.095238095238097,-0.7675099703684841,0.5454389666256904,1.3129489369941745,70,NO
NO-4223,Vennesla,27.9,525.0,610.0,16.19047619047619,-0.4442214228497945,0.8669885277901723,1.3112099506399668,71,NO
NO-1827,Dønna,30.3,71.0,85.0,19.718309859154928,-0.0747487971141485,1.2334783851520739,1.3082271822662224,72,NO
NO-3118,Indre Østfold,24.9,1857.0,2066.0,11.254711900915455,-0.9060622050193515,0.3542354559792321,1.2602976609985836,73,NO
NO-3226,Aurskog-Høland,23.8,790.0,866.0,9.620253164556962,-1.0754038251481888,0.18443931324433863,1.2598431383925275,74,NO
NO-3431,Dovre,26.8,182.0,207.0,13.736263736263737,-0.6135630429786317,0.612032071008867,1.2255951139874988,75,NO
NO-4001,Porsgrunn,23.2,1714.0,1858.0,8.401400233372229,-1.1677719815821004,0.057818480504702195,1.2255904620868026,76,NO
NO-4203,Arendal,27.6,1941.0,2228.0,14.78619268418341,-0.49040550106674974,0.7211041947258917,1.2115096957926415,77,NO
NO-4630,Osterøy,24.9,384.0,425.0,10.677083333333332,-0.9060622050193515,0.2942283719659383,1.2002905769852898,78,NO
NO-4214,Froland,33.3,182.0,224.0,23.076923076923077,0.387091985055408,1.5823887348780143,1.1952967498226064,79,NO
NO-4204,Kristiansand,25.5,4232.0,4700.0,11.0586011342155,-0.8136940485854399,0.3338624413575089,1.147556489942949,80,NO
NO-3435,Vågå,28.0,217.0,249.0,14.746543778801843,-0.428826730110809,0.7169852585620765,1.1458119886728855,81,NO
NO-3401,Kongsvinger,26.4,939.0,1053.0,12.140575079872203,-0.675141813934573,0.4462635674461803,1.1214053813807532,82,NO
NO-4226,Hægebostad,30.6,82.0,97.0,18.29268292682927,-0.02856471889719269,1.085376785091378,1.1139415039885707,83,NO
NO-1103,Stavanger,23.6,4845.0,5216.0,7.657378740970072,-1.1061932106261592,-0.0194743729100053,1.0867188377161539,84,NO
NO-1825,Grane,28.7,106.0,122.0,15.09433962264151,-0.3210638809379125,0.7531161142573224,1.0741799951952349,85,NO
NO-3105,Sarpsborg,23.0,2567.0,2735.0,6.54460459680561,-1.1985613670600708,-0.13507518510010635,1.0634861819599644,86,NO
NO-5041,Snåase - Snåsa,31.1,141.0,167.0,18.439716312056735,0.04840874479773348,1.1006513840209906,1.0522426392232571,87,NO
NO-5038,Verdal,25.2,633.0,694.0,9.636650868878357,-0.8598781268023957,0.1861427927397485,1.0460209195421442,88,NO
NO-5628,Deatnu - Tana,30.9,136.0,160.0,17.647058823529413,0.017619359319762575,1.0183059683381641,1.0006866090184015,89,NO
NO-4225,Lyngdal,27.4,410.0,461.0,12.439024390243903,-0.5211948865447207,0.47726804652890503,0.9984629330736257,90,NO
NO-3403,Hamar,24.3,1733.0,1868.0,7.789959607616849,-0.9984303614532626,-0.0057011773827648085,0.9927291840704978,91,NO
NO-3207,Nordre Follo,31.5,2370.0,2806.0,18.396624472573837,0.1099875157536742,1.0961747778119841,0.98618726205831,92,NO
NO-4649,Stad,29.8,499.0,578.0,15.831663326653306,-0.15172226080907467,0.8297131662986215,0.9814354271076962,93,NO
NO-1130,Strand,26.6,517.0,574.0,11.02514506769826,-0.6443524284566021,0.3303868497629692,0.9747392782195714,94,NO
NO-1516,Ulstein,32.4,333.0,398.0,19.51951951951952,0.2485397504045411,1.2128270024452497,0.9642872520407085,95,NO
NO-4003,Skien,23.1,2572.0,2714.0,5.52099533437014,-1.1831666743210854,-0.24141308189919128,0.941753592421894,96,NO
NO-4219,Evje og Hornnes,24.4,175.0,188.0,7.428571428571429,-0.9830356687142777,-0.043244076121592645,0.9397915925926851,97,NO
NO-3905,Tønsberg,24.8,2559.0,2761.0,7.8937084798749515,-0.9214568977583364,0.005076799405911484,0.9265336971642478,98,NO
NO-1506,Molde,24.4,1607.0,1723.0,7.218419415059116,-0.9830356687142777,-0.0650757690781626,0.9179598996361151,99,NO
NO-4624,Bjørnafjorden,30.8,911.0,1063.0,16.68496158068057,0.002224666580777669,0.918358262631277,0.9161335960504993,100,NO
NO-3420,Elverum,24.1,1014.0,1078.0,6.31163708086785,-1.029219746931233,-0.15927707206660927,0.8699426748646237,101,NO
NO-5538,Storfjord - Omasvuotna - Omasvuono,29.3,86.0,98.0,13.953488372093023,-0.22869572450400086,0.6345985050523355,0.8632942295563364,102,NO
NO-3201,Bærum,23.4,5923.0,6223.0,5.065000844166807,-1.13698259610413,-0.28878418024664315,0.8481984158574869,103,NO
NO-3436,Nord-Fron,28.2,338.0,379.0,12.1301775147929,-0.39803734463283863,0.4451834138729954,0.843220758505834,104,NO
NO-1505,Kristiansund,27.6,1044.0,1161.0,11.206896551724139,-0.49040550106674974,0.3492681468171202,0.83967364788387,105,NO
NO-5603,Hammerfest - Hámmerfeasta,29.2,413.0,469.0,13.559322033898304,-0.2440904172429863,0.5936504392905082,0.8377408565334945,106,NO
NO-0301,Oslo - Oslove,23.7,20928.0,22049.0,5.356460244648318,-1.0907985178871742,-0.2585058496502747,0.8322926682368995,107,NO
NO-4201,Risør,29.2,356.0,404.0,13.48314606741573,-0.2440904172429863,0.5857368805140651,0.8298272977570514,108,NO
NO-1578,Norddal,25.4,193.0,208.0,7.772020725388601,-0.8290887413244253,-0.007564762519284233,0.821523978805141,109,NO
NO-3909,Larvik,24.6,2454.0,2614.0,6.519967400162999,-0.9522462832363068,-0.13763462625616554,0.8146116569801413,110,NO
NO-4205,Lindesnes,25.1,1025.0,1098.0,7.121951219512194,-0.8752728195413806,-0.07509739099867467,0.800175428542706,111,NO
NO-3314,Øvre Eiker,25.2,847.0,908.0,7.201889020070838,-0.8598781268023957,-0.0667930331757239,0.7930850936266718,112,NO
NO-1866,Hadsel,29.2,430.0,486.0,13.023255813953488,-0.2440904172429863,0.5379610698544232,0.7820514870974095,113,NO
NO-3442,Østre Toten,23.2,824.0,858.0,4.12621359223301,-1.1677719815821004,-0.38631032188677505,0.7814616596953253,114,NO
NO-3413,Stange,26.7,988.0,1080.0,9.31174089068826,-0.6289577357176172,0.15238944075506028,0.7813471764726774,115,NO
NO-5037,Levanger,30.0,911.0,1040.0,14.1602634467618,-0.12093287533110432,0.6560793838970964,0.7770122592282007,116,NO
NO-1839,Beiarn,37.4,84.0,105.0,25.0,1.018274387353803,1.7821680480275448,0.7638936606737419,117,NO
NO-3448,Nordre Land,26.0,371.0,401.0,8.086253369272237,-0.7367205848905137,0.02507937199811731,0.761799956888631,118,NO
NO-3103,Moss,28.2,2325.0,2588.0,11.311827956989246,-0.39803734463283863,0.36016897133439285,0.7582063159672314,119,NO
NO-3212,Nesodden,33.3,662.0,786.0,18.731117824773413,0.387091985055408,1.130923700932852,0.7438317158774441,120,NO
NO-3301,Drammen,27.9,4212.0,4656.0,10.541310541310542,-0.4442214228497945,0.28012358249589064,0.7243450053456851,121,NO
NO-5049,Flatanger,42.9,58.0,77.0,32.758620689655174,1.8649824879979908,2.588174242458409,0.7231917544604181,122,NO
NO-1145,Bokn,22.0,56.0,57.0,1.7857142857142856,-1.3525082944499232,-0.6294536607060718,0.7230546337438514,123,NO
NO-3122,Marker,28.7,231.0,258.0,11.688311688311687,-0.3210638809379125,0.39928007518728903,0.7203439561252015,124,NO
NO-5054,Indre Fosen,30.6,543.0,621.0,14.3646408839779,-0.02856471889719269,0.6773111835928493,0.705875902490042,125,NO
NO-3303,Kongsberg,27.1,1243.0,1357.0,9.17135961383749,-0.5673789647616759,0.13780589771954385,0.7051848624812198,126,NO
NO-4601,Bergen,24.9,11880.0,12568.0,5.7912457912457915,-0.9060622050193515,-0.21333804755964975,0.6927241574597018,127,NO
NO-5530,Senja,29.2,759.0,850.0,11.989459815546773,-0.2440904172429863,0.43056492151524134,0.6746553387582277,128,NO
NO-1833,Rana,25.9,1339.0,1433.0,7.0201643017177,-0.7521152776294991,-0.0856715496714624,0.6664437279580367,129,NO
NO-3116,Skiptvet,30.4,143.0,162.0,13.286713286713287,-0.0593541043751636,0.5653304133894962,0.6246845177646598,130,NO
NO-4631,Alver,32.1,1119.0,1295.0,15.728328865058089,0.20235567218758582,0.8189782406622935,0.6166225684747078,131,NO
NO-1532,Giske,31.1,338.0,386.0,14.201183431952662,0.04840874479773348,0.6603303664955665,0.611921621697833,132,NO
NO-4611,Etne,29.6,234.0,262.0,11.965811965811966,-0.18251164628704503,0.4281082589029501,0.6106199051899952,133,NO
NO-3423,Stor-Elvdal,28.6,185.0,204.0,10.27027027027027,-0.3364585736768974,0.25196649812006083,0.5884250717969582,134,NO
NO-3228,Nes,27.9,784.0,856.0,9.183673469387756,-0.4442214228497945,0.13908512559365227,0.5833065484434468,135,NO
NO-3443,Vestre Toten,26.3,694.0,741.0,6.772334293948126,-0.6905365066735579,-0.11141743021108748,0.5791190764624704,136,NO
NO-3405,Lillehammer,28.8,1481.0,1636.0,10.465901417960838,-0.305669188198927,0.27228968740452436,0.5779588756034514,137,NO
NO-3907,Sandefjord,28.8,2909.0,3210.0,10.347198349948435,-0.305669188198927,0.25995819035846923,0.5656273785573962,138,NO
NO-3324,Gol,28.8,277.0,305.0,10.108303249097473,-0.305669188198927,0.23514051479381684,0.5408097029927439,139,NO
NO-3316,Modum,26.9,686.0,733.0,6.851311953352769,-0.5981683502396468,-0.10321281688507858,0.4949555333545682,140,NO
NO-1133,Hjelmeland,25.8,143.0,150.0,4.895104895104895,-0.7675099703684841,-0.3064338621720909,0.4610761081963932,141,NO
NO-4638,Høyanger,27.0,266.0,283.0,6.390977443609022,-0.5827736575006613,-0.151034779216407,0.43173887828425433,142,NO
NO-5636,Unjárga - Nesseby,30.4,62.0,69.0,11.29032258064516,-0.0593541043751636,0.3579348800905701,0.4172889844657337,143,NO
NO-3411,Ringsaker,27.1,1661.0,1767.0,6.381697772426249,-0.5673789647616759,-0.1519988001106839,0.41538016465099203,144,NO
NO-5544,Nordreisa - Ráisa - Raisi,29.8,235.0,259.0,10.212765957446807,-0.15172226080907467,0.24599264861817713,0.3977149094272518,145,NO
NO-4615,Fitjar,24.0,131.0,133.0,1.5267175572519083,-1.0446144396702184,-0.6563595987365701,0.38825484093364826,146,NO
NO-3310,Hole,26.2,289.0,302.0,4.498269896193772,-0.7059311994125433,-0.34765916240049344,0.3582720370120499,147,NO
NO-1528,Sykkylven,31.7,367.0,413.0,12.534059945504087,0.14077690123164457,0.48714083826533017,0.3463639370336856,148,NO
NO-4206,Farsund,33.1,459.0,526.0,14.596949891067537,0.35630259957743815,0.7014446612077541,0.3451420616303159,149,NO
NO-3427,Tynset,28.0,299.0,320.0,7.023411371237458,-0.428826730110809,-0.08533422706589126,0.34349250304491774,150,NO
NO-1824,Vefsn,26.8,773.0,812.0,5.045278137128072,-0.6135630429786317,-0.29083307845678,0.3227299645218517,151,NO
NO-5503,Harstad - Hárstták,31.5,1169.0,1307.0,11.804961505560307,0.1099875157536742,0.41139826977914173,0.3014107540254675,152,NO
NO-3911,Færder,29.7,1392.0,1519.0,9.123563218390805,-0.16711695354806014,0.13284055757179555,0.2999575111198557,153,NO
NO-1845,Sørfold,25.2,123.0,126.0,2.4390243902439024,-0.8598781268023957,-0.5615843818486529,0.29829374495374283,154,NO
NO-3124,Aremark,29.2,84.0,91.0,8.333333333333332,-0.2440904172429863,0.05074733406494816,0.29483775130793444,155,NO
NO-5532,Balsfjord,28.8,362.0,389.0,7.458563535911603,-0.305669188198927,-0.04012833876734262,0.2655408494315844,156,NO
NO-5614,Loppa,31.0,67.0,74.0,10.44776119402985,0.03301405205874803,0.2704051858363224,0.23739113377757437,157,NO
NO-3450,Etnedal,26.1,102.0,105.0,2.941176470588235,-0.7213258921515282,-0.5094181910405976,0.2119077011109306,158,NO
NO-3112,Råde,25.6,411.0,419.0,1.9464720194647203,-0.7982993558464544,-0.6127533044973605,0.18554605134909385,159,NO
NO-3434,Lom,27.6,143.0,150.0,4.895104895104895,-0.49040550106674974,-0.3064338621720909,0.18397163889465884,160,NO
NO-1867,Bø,29.1,240.0,257.0,7.083333333333333,-0.2594851099819712,-0.07910921948224649,0.18037589049972474,161,NO
NO-4020,Midt-Telemark,29.6,506.0,545.0,7.707509881422925,-0.18251164628704503,-0.014266487210327089,0.16824515907671794,162,NO
NO-1870,Sortland - Suortá,29.5,442.0,475.0,7.46606334841629,-0.1979063390260305,-0.039349218924055594,0.1585571201019749,163,NO
NO-5520,Bardu,36.2,184.0,216.0,17.391304347826086,0.8335380744859807,0.9917368525228811,0.1581987780369004,164,NO
NO-4005,Notodden,29.2,729.0,779.0,6.858710562414267,-0.2440904172429863,-0.1024442105860633,0.141646206656923,165,NO
NO-4227,Kvinesdal,31.7,297.0,328.0,10.437710437710438,0.14077690123164457,0.2693610605753771,0.12858415934373255,166,NO
NO-4622,Kvam,29.0,544.0,578.0,6.25,-0.2748798027209567,-0.1656802551803763,0.1091995475405804,167,NO
NO-5622,Porsanger - Porsángu - Porsanki,29.1,179.0,190.0,6.145251396648044,-0.2594851099819712,-0.17656208927650996,0.08292302070546126,168,NO
NO-5518,Loabák - Lavangen,28.4,79.0,83.0,5.063291139240507,-0.3672479591548683,-0.2889617933580928,0.0782861657967755,169,NO
NO-3438,Sør-Fron,32.4,183.0,203.0,10.92896174863388,0.2485397504045411,0.32039482230502475,0.07185507190048365,170,NO
NO-4014,Kragerø,29.9,585.0,627.0,7.179487179487179,-0.13632756807008978,-0.06912025382477001,0.06720731424531977,171,NO
NO-1101,Eigersund,31.3,632.0,690.0,9.177215189873419,0.07919813027570384,0.13841420565799126,0.05921607538228742,172,NO
NO-5605,Sør-Varanger,35.3,424.0,488.0,15.09433962264151,0.6949858398351126,0.7531161142573224,0.05813027442220975,173,NO
NO-3441,Gausdal,30.6,375.0,405.0,8.0,-0.02856471889719269,0.016118919785696354,0.04468363868288905,174,NO
NO-1812,Sømna,31.8,114.0,125.0,9.649122807017543,0.15617159397063002,0.18743844306199528,0.03126684909136526,175,NO
NO-3332,Sigdal,29.5,210.0,223.0,6.190476190476191,-0.1979063390260305,-0.17186390058738554,0.026042438438644955,176,NO
NO-1560,Tingvoll,28.8,198.0,208.0,5.05050505050505,-0.305669188198927,-0.2902900792913208,0.015379108907606243,177,NO
NO-5058,Åfjord,27.6,280.0,289.0,3.214285714285714,-0.49040550106674974,-0.4810461709378493,0.009359330128900445,178,NO
NO-3454,Vang,28.6,88.0,92.0,4.545454545454546,-0.3364585736768974,-0.34275737365382364,-0.006298799976926228,179,NO
NO-1577,Hornindal,30.2,565.0,604.0,6.902654867256637,-0.09014348985313396,-0.09787904580617725,-0.007735555953043288,180,NO
NO-5021,Oppdal,33.2,380.0,423.0,11.31578947368421,0.3716972923164236,0.36058051445825506,-0.011116777858168558,181,NO
NO-3414,Nord-Odal,27.6,315.0,324.0,2.857142857142857,-0.49040550106674974,-0.5181480433799048,-0.027742542313155094,182,NO
NO-1865,Vågan,32.9,421.0,466.0,10.688836104513063,0.32551321409946726,0.29544931145396125,-0.030063902645506013,183,NO
NO-3326,Hemsedal,25.2,116.0,115.0,-0.8620689655172413,-0.8598781268023957,-0.9045192667420016,-0.044641139939605834,184,NO
NO-3415,Sør-Odal,29.3,385.0,405.0,5.194805194805195,-0.22869572450400086,-0.27529942375917704,-0.046603699255176184,185,NO
NO-4617,Kvinnherad,26.9,803.0,815.0,1.4943960149439601,-0.5981683502396468,-0.6597173300081222,-0.0615489797684754,186,NO
NO-1535,Vestnes,28.4,343.0,355.0,3.498542274052478,-0.3672479591548683,-0.4515161091982539,-0.08426815004338561,187,NO
NO-1144,Kvitsøy,44.4,37.0,47.0,27.027027027027028,2.0959028790827694,1.9927462429689418,-0.10315663611382764,188,NO
NO-5616,Hasvik,15.8,58.0,49.0,-15.517241379310345,-2.3069792442670076,-2.426975411778078,-0.11999616751107034,189,NO
NO-4621,Voss,25.5,1028.0,1016.0,-1.1673151750972763,-0.8136940485854399,-0.9362298433495279,-0.12253579476408794,190,NO
NO-3451,Nord-Aurdal,29.1,361.0,376.0,4.1551246537396125,-0.2594851099819712,-0.3833068892414644,-0.12382177925949317,191,NO
NO-5601,Alta,34.7,640.0,719.0,12.34375,0.6026176834012021,0.4673704433621981,-0.13524724003900407,192,NO
NO-3305,Ringerike,29.0,1547.0,1603.0,3.619909502262444,-0.2748798027209567,-0.4389078452231163,-0.16402804250215963,193,NO
NO-1826,Hattfjelldal - Aarborte,30.6,104.0,110.0,5.769230769230769,-0.02856471889719269,-0.21562508346775888,-0.18706036457056618,194,NO
NO-5033,Tydal,28.7,71.0,73.0,2.8169014084507045,-0.3210638809379125,-0.5223285360494323,-0.2012646551115198,195,NO
NO-3447,Søndre Land,34.1,298.0,330.0,10.738255033557047,0.5102495269672905,0.3005832088984774,-0.20966631806881314,196,NO
NO-1579,Fræna,35.6,560.0,632.0,12.857142857142856,0.741169918052069,0.5207043849976529,-0.22046553305441607,197,NO
NO-1160,Vindafjord,29.7,450.0,468.0,4.0,-0.16711695354806014,-0.39942205156532684,-0.2323050980172667,198,NO
NO-4643,Årdal,28.5,372.0,380.0,2.1505376344086025,-0.3518532664158828,-0.5915538985340795,-0.23970063211819664,199,NO
NO-4613,Bømlo,28.5,525.0,535.0,1.9047619047619049,-0.3518532664158828,-0.6170863698920532,-0.2652331034761704,200,NO
NO-5634,Vardø,32.1,102.0,109.0,6.862745098039216,0.20235567218758582,-0.10202508187292783,-0.3043807540605137,201,NO
NO-5060,Vikna,33.6,476.0,519.0,9.033613445378151,0.43327606327236434,0.12349610355917502,-0.30977995971318933,202,NO
NO-3407,Gjøvik,34.6,1444.0,1595.0,10.457063711911358,0.5872229906622167,0.27137158016544544,-0.3158514104967713,203,NO
NO-3120,Rakkestad,24.1,408.0,387.0,-5.147058823529411,-1.029219746931233,-1.3496664786989165,-0.32044673176768357,204,NO
NO-4018,Nome,31.4,365.0,385.0,5.47945205479452,0.09459282301468874,-0.2457288155861813,-0.34032163860087006,205,NO
NO-1563,Sunndal,32.0,425.0,452.0,6.352941176470588,0.18696097944860038,-0.154986186064725,-0.3419471655133254,206,NO
NO-1859,Flakstad,21.6,109.0,99.0,-9.174311926605505,-1.4140870654058637,-1.7680386452810821,-0.3539515798752184,207,NO
NO-3428,Alvdal,33.8,135.0,147.0,8.88888888888889,0.4640654487503342,0.10846135786370155,-0.35560409088663264,208,NO
NO-4620,Ulvik,31.9,66.0,70.0,6.0606060606060606,0.17156628670961493,-0.1853554905663149,-0.35692177727592983,209,NO
NO-3421,Trysil,27.6,434.0,432.0,-0.4608294930875576,-0.49040550106674974,-0.8628364067125508,-0.37243090564580106,210,NO
NO-5036,Frosta,36.5,158.0,178.0,12.658227848101266,0.879722152702936,0.5000400509792929,-0.37968210172364303,211,NO
NO-5032,Selbu,33.9,263.0,286.0,8.745247148288973,0.4794601414893196,0.09353910075984133,-0.38592104072947825,212,NO
NO-5512,Tjeldsund,33.4,275.0,297.0,8.0,0.40248667779439345,0.016118919785696354,-0.3863677580086971,213,NO
NO-1815,Vega,37.9,76.0,87.0,14.473684210526317,1.095247851048729,0.6886391760511682,-0.4066086749975607,214,NO
NO-5053,Inderøy,30.7,335.0,347.0,3.582089552238806,-0.013170026158207783,-0.44283677991543374,-0.42966675375722596,215,NO
NO-4640,Sogndal,31.6,531.0,555.0,4.519774011299435,0.12538220849265966,-0.3454252021807306,-0.47080741067339027,216,NO
NO-5540,Gáivuotna - Kåfjord - Kaivuono,40.1,147.0,172.0,17.006802721088434,1.4339310913064045,0.951792807657728,-0.4821382836486765,217,NO
NO-1832,Hemnes,30.4,305.0,313.0,2.622950819672131,-0.0593541043751636,-0.5424771400632201,-0.48312303568805653,218,NO
NO-4207,Flekkefjord,28.9,509.0,511.0,0.3929273084479371,-0.2902744954599421,-0.7741436740606503,-0.4838691786007082,219,NO
NO-4221,Valle,34.3,60.0,65.0,8.333333333333332,0.5410389124452604,0.05074733406494816,-0.49029157838031223,220,NO
NO-3418,Åsnes,31.5,494.0,514.0,4.048582995951417,0.1099875157536742,-0.39437499523312813,-0.5043625109868023,221,NO
NO-5607,Vadsø,38.7,259.0,297.0,14.671814671814673,1.2184053929606116,0.7092220071356656,-0.5091833858249459,222,NO
NO-3439,Ringebu,37.7,281.0,318.0,13.167259786476867,1.0644584655707592,0.5529209575096159,-0.5115375080611433,223,NO
NO-3328,Ål,26.7,309.0,299.0,-3.2362459546925564,-0.6289577357176172,-1.1511612198022911,-0.522203484084674,224,NO
NO-4646,Fjaler,38.1,154.0,175.0,13.636363636363635,1.1260372365267,0.6016539248712288,-0.5243833116554711,225,NO
NO-1822,Leirfjord,30.8,116.0,119.0,2.586206896551724,0.002224666580777669,-0.5462942914393953,-0.548518958020173,226,NO
NO-5536,Lyngen - Ivgu - Yykeä,35.4,203.0,222.0,9.35960591133005,0.7103805325740982,0.15736191004786684,-0.5530186225262314,227,NO
NO-3419,Våler (Innlandet),27.8,254.0,249.0,-1.968503937007874,-0.45961611558877935,-1.0194615324394913,-0.559845416850712,228,NO
NO-1111,Sokndal,27.7,184.0,180.0,-2.1739130434782608,-0.4750108083277648,-1.040800507346254,-0.5657896990184892,229,NO
NO-3437,Sel,37.8,370.0,417.0,12.702702702702704,1.0798531583097435,0.5046603320497371,-0.5751928262600063,230,NO
NO-1514,Sande,21.1,180.0,158.0,-12.222222222222221,-1.49106052910079,-2.0846715464889205,-0.5936110173881306,231,NO
NO-1848,Steigen,32.1,155.0,161.0,3.870967741935484,0.20235567218758582,-0.412826599028263,-0.6151822712158488,232,NO
NO-4211,Gjerstad,31.1,128.0,131.0,2.34375,0.04840874479773348,-0.5714819850153599,-0.6198907298130933,233,NO
NO-3320,Flå,33.8,79.0,84.0,6.329113924050633,0.4640654487503342,-0.15746148596852852,-0.6215269347188627,234,NO
NO-1834,Lurøy,43.0,121.0,145.0,19.834710743801654,1.8803771807369762,1.2455707193201286,-0.6348064614168476,235,NO
NO-1515,Herøy (Møre og Romsdal),32.0,477.0,492.0,3.1446540880503147,0.18696097944860038,-0.48827986933850154,-0.6752408487871019,236,NO
NO-4644,Luster,37.2,316.0,350.0,10.759493670886076,0.987485001875833,0.3027895898949466,-0.6846954119808863,237,NO
NO-1112,Lund,32.5,167.0,173.0,3.592814371257485,0.26393444314352654,-0.44172262948728724,-0.7056570726308138,238,NO
NO-5006,Steinkjer,35.3,1383.0,1490.0,7.736804049168475,0.6949858398351126,-0.011223255480350669,-0.7062090953154633,239,NO
NO-4616,Tysnes,33.3,197.0,206.0,4.568527918781726,0.387091985055408,-0.34036039066264334,-0.7274523757180513,240,NO
NO-5620,Nordkapp,28.9,146.0,143.0,-2.054794520547945,-0.2902744954599421,-1.0284258506651633,-0.7381513552052212,241,NO
NO-3433,Skjåk,36.0,142.0,154.0,8.450704225352112,0.8027486890080098,0.06294043768440313,-0.7398082513236066,242,NO
NO-5524,Målselv,30.3,374.0,374.0,0.0,-0.0747487971141485,-0.81496302291635,-0.7402142258022015,243,NO
NO-1134,Suldal,34.4,204.0,216.0,5.88235294117647,0.5564336051842458,-0.20387335916484536,-0.7603069643490912,244,NO
NO-4036,Vinje,40.9,194.0,224.0,15.463917525773196,1.557088633218286,0.7915098044716262,-0.7655788287466598,245,NO
NO-3242,Hurdal,30.5,168.0,168.0,0.0,-0.04395941163617814,-0.81496302291635,-0.7710036112801719,246,NO
NO-5626,Gamvik,42.9,49.0,58.0,18.367346938775512,1.8649824879979908,1.0931332741036546,-0.7718492138943363,247,NO
NO-5632,Båtsfjord,40.7,80.0,92.0,15.0,1.5262992477403163,0.7433156196499869,-0.7829836280903294,248,NO
NO-4022,Seljord,31.4,165.0,167.0,1.2121212121212122,0.09459282301468874,-0.689041516446343,-0.7836343394610318,249,NO
NO-1511,Vanylven,28.2,237.0,228.0,-3.79746835443038,-0.39803734463283863,-1.2094639450850428,-0.8114266004522042,250,NO
NO-3424,Rendalen,28.8,134.0,130.0,-2.9850746268656714,-0.305669188198927,-1.1250682254171136,-0.8193990372181865,251,NO
NO-1539,Rauma,28.3,456.0,439.0,-3.7280701754385963,-0.3826426518938532,-1.2022544984079833,-0.81961184651413,252,NO
NO-1860,Vestvågøy,33.0,579.0,593.0,2.4179620034542317,0.34090790683845273,-0.5637724530150406,-0.9046803598534934,253,NO
NO-5510,Kvæfjord,35.7,158.0,168.0,6.329113924050633,0.7565646107910545,-0.15746148596852852,-0.914026096759583,254,NO
NO-1828,Nesna,26.8,98.0,91.0,-7.142857142857142,-0.6135630429786317,-1.5570004717574628,-0.9434374287788311,255,NO
NO-1868,Øksnes,35.3,252.0,265.0,5.158730158730158,0.6949858398351126,-0.27904708764221303,-0.9740329274773256,256,NO
NO-4651,Stryn,34.2,381.0,394.0,3.4120734908136483,0.525644219706276,-0.46049893974290496,-0.986143159449181,257,NO
NO-5542,Skjervøy,35.8,143.0,151.0,5.594405594405594,0.7719593035300388,-0.2337868392086253,-1.0057461427386643,258,NO
NO-1520,Ørsta,34.5,605.0,627.0,3.6363636363636362,0.5718282979232312,-0.4371985035063289,-1.00902680142956,259,NO
NO-1547,Aukra,36.8,187.0,200.0,6.951871657754011,0.9259062309198912,-0.09276614757366264,-1.0186723784935539,260,NO
NO-4218,Iveland,35.7,40.0,42.0,5.0,0.7565646107910545,-0.29553680872757104,-1.0521014195186256,261,NO
NO-5007,Namsos,35.1,776.0,806.0,3.865979381443299,0.6641964543571429,-0.4133448160693559,-1.0775412704264988,262,NO
NO-5025,Røros - Rosse,29.6,338.0,323.0,-4.437869822485207,-0.18251164628704503,-1.275992207107574,-1.093480560820529,263,NO
NO-5022,Rennebu,37.7,148.0,159.0,7.4324324324324325,1.0644584655707592,-0.04284297479789477,-1.1073014403686539,264,NO
NO-4625,Austevoll,33.6,227.0,230.0,1.3215859030837005,0.43327606327236434,-0.6776697504435449,-1.1109458137159094,265,NO
NO-4028,Kviteseid,42.1,151.0,172.0,13.90728476821192,1.7418249460861093,0.6297986324431676,-1.1120263136429416,266,NO
NO-4010,Siljan,37.0,133.0,141.0,6.015037593984962,0.9566956163978622,-0.19008938178699186,-1.1467849981848541,267,NO
NO-1874,Moskenes,31.5,93.0,91.0,-2.1505376344086025,0.1099875157536742,-1.0383721472986205,-1.1483596630522948,268,NO
NO-1853,Evenes - Evenássi,29.5,95.0,90.0,-5.263157894736842,-0.1979063390260305,-1.3617274589045385,-1.163821119878508,269,NO
NO-3338,Nore og Uvdal,33.1,173.0,173.0,0.0,0.35630259957743815,-0.81496302291635,-1.171265622493788,270,NO
NO-4213,Tvedestrand,32.3,307.0,303.0,-1.3029315960912053,0.23314505766555566,-0.9503183881772697,-1.1834634458428253,271,NO
NO-4634,Masfjorden,37.0,126.0,133.0,5.555555555555555,0.9566956163978622,-0.23782278492881784,-1.19451840132668,272,NO
NO-4618,Ullensvang,33.6,795.0,799.0,0.5031446540880503,0.43327606327236434,-0.7626937183438942,-1.1959697816162587,273,NO
NO-3417,Grue,32.9,349.0,347.0,-0.5730659025787965,0.32551321409946726,-0.874496113367786,-1.2000093274672532,274,NO
NO-3449,Sør-Aurdal,32.4,209.0,206.0,-1.4354066985645932,0.2485397504045411,-0.9640805963676741,-1.2126203467722152,275,NO
NO-1871,Andøy,36.7,322.0,337.0,4.658385093167702,0.9105115381809068,-0.3310255562808416,-1.2415370944617483,276,NO
NO-4639,Vik,32.4,220.0,216.0,-1.8181818181818181,0.2485397504045411,-1.0038452826213606,-1.2523850330259017,277,NO
NO-5528,Dyrøy,30.0,74.0,70.0,-5.405405405405405,-0.12093287533110432,-1.3765048760934082,-1.255572000762304,278,NO
NO-4623,Samnanger,32.8,128.0,126.0,-1.5625,0.3101185213604818,-0.9772837148503434,-1.2874022362108253,279,NO
NO-1525,Stranda,35.2,331.0,337.0,1.812688821752266,0.6795911470961283,-0.6266514044793304,-1.3062425515754588,280,NO
NO-4024,Hjartdal,36.5,109.0,113.0,3.669724770642202,0.879722152702936,-0.4337327739704572,-1.3134549266733933,281,NO
NO-4636,Solund,31.7,57.0,55.0,-3.508771929824561,0.14077690123164457,-1.1794726469084755,-1.3202495481401202,282,NO
NO-4016,Drangedal,35.2,217.0,220.0,1.3824884792626728,0.6795911470961283,-0.6713428715277475,-1.3509340186238759,283,NO
NO-4648,Bremanger,30.4,312.0,294.0,-5.769230769230769,-0.0593541043751636,-1.4143009623649412,-1.3549468579897777,284,NO
NO-3330,Hol,33.3,250.0,246.0,-1.6,0.387091985055408,-0.9811794114567592,-1.3682713965121671,285,NO
NO-4633,Fedje,25.6,46.0,40.0,-13.043478260869565,-0.7982993558464544,-2.169987929495773,-1.3716885736493187,286,NO
NO-5546,Kvænangen,39.8,89.0,96.0,7.865168539325842,1.3877470130894483,0.002111920751392168,-1.385635092338056,287,NO
NO-5534,Karlsøy,38.9,157.0,167.0,6.369426751592357,1.2491947784385813,-0.15327357808987993,-1.4024683565284612,288,NO
NO-5034,Meråker,37.3,146.0,151.0,3.4246575342465753,1.0028796946148173,-0.4591916433349945,-1.4620713379498118,289,NO
NO-4647,Sunnfjord,37.4,933.0,963.0,3.215434083601286,1.018274387353803,-0.48092687231263365,-1.4992012596664366,290,NO
NO-3432,Lesja,36.9,133.0,136.0,2.2556390977443606,0.9413009236588766,-0.5806354074928407,-1.5219363311517173,291,NO
NO-5044,Namsskogan,39.2,75.0,79.0,5.333333333333334,1.2953788566555378,-0.26090839444831904,-1.5562872511038568,292,NO
NO-5618,Måsøy,39.6,85.0,90.0,5.88235294117647,1.3569576276114785,-0.20387335916484536,-1.560830986776324,293,NO
NO-1557,Gjemnes,30.1,133.0,122.0,-8.270676691729323,-0.10553818259211886,-1.674164279469217,-1.5686260968770982,294,NO
NO-5516,Gratangen,36.8,90.0,91.0,1.1111111111111112,0.9259062309198912,-0.6995349753188436,-1.625441206238735,295,NO
NO-4619,Eidfjord,33.9,62.0,60.0,-3.225806451612903,0.4794601414893196,-1.150076709489756,-1.6295368509790755,296,NO
NO-3318,Krødsherad,34.9,114.0,112.0,-1.7543859649122806,0.633407068879172,-0.9972178349124128,-1.6306249037915848,297,NO
NO-4641,Aurland,30.7,109.0,100.0,-8.256880733944955,-0.013170026158207783,-1.6727310830446087,-1.659561056886401,298,NO
NO-1517,Hareid,34.8,261.0,255.0,-2.2988505747126435,0.6180123761401866,-1.0537796731180875,-1.671792049258274,299,NO
NO-4224,Åseral,31.3,53.0,49.0,-7.547169811320755,0.07919813027570384,-1.5990025915031862,-1.6782007217788901,300,NO
NO-4026,Tinn,35.6,338.0,332.0,-1.7751479289940828,0.741169918052069,-0.9993746965928395,-1.7405446146449086,301,NO
NO-3336,Rollag,41.7,110.0,117.0,6.363636363636363,1.6802461751301685,-0.15387511394881315,-1.8341212890789818,302,NO
NO-4602,Kinn,33.9,875.0,829.0,-5.257142857142857,0.4794601414893196,-1.3611025852634089,-1.8405627267527285,303,NO
NO-5061,Rindal,36.2,146.0,143.0,-2.054794520547945,0.8335380744859807,-1.0284258506651633,-1.861963925151144,304,NO
NO-3416,Eidskog,38.7,386.0,391.0,1.2953367875647668,1.2184053929606116,-0.6803966461835057,-1.8988020391441172,305,NO
NO-1135,Sauda,29.9,334.0,294.0,-11.976047904191617,-0.13632756807008978,-2.0590976676798927,-1.922770099609803,306,NO
NO-3426,Tolga,37.3,91.0,90.0,-1.098901098901099,1.0028796946148173,-0.9291226304303674,-1.9320023250451848,307,NO
NO-5042,Lierne,44.1,91.0,99.0,8.791208791208792,2.049718800865814,0.09831383719578893,-1.951404963670025,308,NO
NO-3452,Vestre Slidre,37.4,123.0,121.0,-1.6260162601626018,1.018274387353803,-0.9838821169614814,-2.0021565043152845,309,NO
NO-5047,Overhalla,34.9,197.0,186.0,-5.583756345177665,0.633407068879172,-1.3950329067819915,-2.0284399756611635,310,NO
NO-4642,Lærdal,35.3,125.0,118.0,-5.6000000000000005,0.6949858398351126,-1.3967203828077825,-2.091706222642895,311,NO
NO-4628,Vaksdal,30.1,306.0,263.0,-14.052287581699346,-0.10553818259211886,-2.2747883307671666,-2.1692501481750477,312,NO
NO-5514,Ibestad,43.4,127.0,134.0,5.511811023622047,1.941955951692917,-0.24236719625155428,-2.1843231479444714,313,NO
NO-5027,Midtre Gauldal,43.9,344.0,365.0,6.104651162790697,2.018929415387843,-0.18077985443005015,-2.1997092698178933,314,NO
NO-3429,Folldal,39.8,118.0,118.0,0.0,1.3877470130894483,-0.81496302291635,-2.202710036005798,315,NO
NO-3430,Os,32.0,128.0,113.0,-11.71875,0.18696097944860038,-2.0323682124213005,-2.219329191869901,316,NO
NO-4034,Tokke,38.1,144.0,140.0,-2.7777777777777777,1.1260372365267,-1.1035331419101162,-2.229570378436816,317,NO
NO-1813,Brønnøy,45.3,371.0,397.0,7.008086253369273,2.2344551137336364,-0.08692628065714492,-2.321381394390781,318,NO
NO-5630,Berlevåg,31.8,61.0,53.0,-13.114754098360656,0.15617159397063002,-2.1773924371819997,-2.33356403115263,319,NO
NO-3422,Åmot,36.4,254.0,238.0,-6.299212598425196,0.8643274599639504,-1.4693582533904022,-2.3336857133543525,320,NO
NO-4228,Sirdal,34.8,101.0,92.0,-8.91089108910891,0.6180123761401866,-1.740673107609223,-2.35868548374941,321,NO
NO-5043,Raarvihke - Røyrvik,47.2,32.0,35.0,9.375,2.5269542757743566,0.15896112868761056,-2.367993147086746,322,NO
NO-4032,Fyresdal,40.3,68.0,67.0,-1.4705882352941175,1.4647204767843744,-0.9677354388542262,-2.4324559156386005,323,NO
NO-4645,Askvoll,40.6,234.0,230.0,-1.7094017094017095,1.5109045550013307,-0.9925446346048216,-2.5034491896061524,324,NO
NO-1837,Meløy,39.9,395.0,384.0,-2.7848101265822782,1.4031417058284337,-1.1042636991733914,-2.5074054050018253,325,NO
NO-4650,Gloppen,42.6,357.0,361.0,1.1204481792717087,1.8187984097810355,-0.6985649917255873,-2.5173634015066226,326,NO
NO-5046,Høylandet,37.4,91.0,84.0,-7.6923076923076925,1.018274387353803,-1.6140802755144716,-2.6323546628682744,327,NO
NO-5612,Guovdageaidnu - Kautokeino,45.6,113.0,116.0,2.6548672566371683,2.2806391919505926,-0.5391614932585913,-2.819800685209184,328,NO
NO-5610,Kárásjohka - Karasjok,39.8,123.0,115.0,-6.504065040650407,1.3877470130894483,-1.4906393990968754,-2.8783864121863236,329,NO
NO-3322,Nesbyen,43.7,221.0,219.0,-0.904977375565611,1.9881400299098733,-0.9089768173396584,-2.8971168472495314,330,NO
NO-1838,Gildeskål,40.5,137.0,128.0,-6.569343065693431,1.4955098622623453,-1.4974208225804393,-2.9929306848427846,331,NO
NO-1531,Sula,42.8,420.0,404.0,-3.8095238095238098,1.8495877952590052,-1.2107163289649436,-3.060304124223949,332,NO
NO-5020,Osen,41.9,77.0,73.0,-5.194805194805195,1.7110355606081384,-1.354626622073523,-3.0656621826816615,333,NO
NO-4217,Åmli,53.7,95.0,106.0,11.578947368421053,3.5276093038083967,0.3879187362576645,-3.139690567550732,334,NO
NO-4212,Vegårshei,39.2,111.0,100.0,-9.90990990990991,1.2953788566555378,-1.8444564204076237,-3.1398352770631615,335,NO
NO-1573,Smøla,42.3,146.0,138.0,-5.47945205479452,1.7726143315640792,-1.3841972302465189,-3.1568115618105983,336,NO
NO-4030,Nissedal,42.9,80.0,76.0,-5.0,1.8649824879979908,-1.334389237105129,-3.19937172510312,337,NO
NO-4220,Bygland,37.7,61.0,53.0,-13.114754098360656,1.0644584655707592,-2.1773924371819997,-3.241850902752759,338,NO
NO-3440,Øyer,48.8,283.0,288.0,1.76678445229682,2.7732693595981193,-0.6314201910475234,-3.4046895506456427,339,NO
NO-1576,Aure,40.7,232.0,208.0,-10.344827586206897,1.5262992477403163,-1.8896379488241686,-3.415937196564485,340,NO
NO-5045,Grong,40.7,191.0,170.0,-10.99476439790576,1.5262992477403163,-1.957156792336702,-3.4834560400770185,341,NO
NO-1856,Røst,39.3,38.0,32.0,-15.789473684210526,1.310773549394522,-2.4552563308809154,-3.7660298802754375,342,NO
NO-1836,Rødøy,49.3,69.0,67.0,-2.898550724637681,2.8502428232930455,-1.1160796688228887,-3.966322492115934,343,NO
NO-4635,Gulen,50.3,151.0,148.0,-1.9867549668874174,3.004189750682898,-1.0213575451105668,-4.025547295793465,344,NO
NO-5014,Frøya,46.7,242.0,215.0,-11.15702479338843,2.4499808120794304,-1.9740132529243692,-4.4239940650038,345,NO
NO-5624,Lebesby,54.5,81.0,73.0,-9.876543209876543,3.650766845720278,-1.8409901126719628,-5.491756958392241,346,NO
SE-0140,Nykvarn,13.854352,369.0,563.0,52.574525745257446,-0.920739683113079,4.4352201851527555,5.355959868265835,1,SE
SE-0305,Håbo,13.98917,741.0,1108.0,49.527665317139004,-0.88034280582538,4.088379223441411,4.968722029266791,2,SE
SE-0120,Värmdö,13.468809,1478.0,2116.0,43.16644113667118,-1.0362638212855142,3.364245918202545,4.40050973948806,3,SE
SE-0187,Vaxholm,14.777618,479.0,697.0,45.51148225469729,-0.644092178285053,3.6311949090793934,4.275287087364447,4,SE
SE-0488,Trosa,14.806867,650.0,932.0,43.38461538461538,-0.6353280053720302,3.389081898636458,4.024409904008488,5,SE
SE-1230,Staffanstorp,10.048426,1301.0,1652.0,26.979246733282093,-2.061147681956435,1.5215681169922481,3.582715798948683,6,SE
SE-1261,Kävlinge,11.540648,1382.0,1759.0,27.27930535455861,-1.6140181516266203,1.5557254481955012,3.1697435998221213,7,SE
SE-1284,Höganäs,11.096257,1780.0,2244.0,26.06741573033708,-1.7471755096556512,1.4177693544821546,3.164944864137806,8,SE
SE-1489,Alingsås,8.14367,2405.0,2812.0,16.923076923076923,-2.6318889360546156,0.37681872974904734,3.008707665803663,9,SE
SE-0580,Linköping,6.067015,8095.0,8983.0,10.969734403953058,-3.2541380215171416,-0.3008831517267284,2.9532548697904133,10,SE
SE-0114,Upplands Väsby,14.069719,1805.0,2381.0,31.91135734072022,-0.856207096434595,2.083017525886557,2.939224622321152,11,SE
SE-0115,Vallentuna,13.251605,1324.0,1713.0,29.38066465256798,-1.1013468468043428,1.794934790735924,2.896281637540267,12,SE
SE-0486,Strängnäs,12.262958,1873.0,2373.0,26.695141484249866,-1.3975851201792027,1.489226846321563,2.8868119665007654,13,SE
SE-0330,Knivsta,10.992366,532.0,655.0,23.1203007518797,-1.7783054179638615,1.0822829685720194,2.860588386535881,14,SE
SE-1419,Tjörn,11.093117,1001.0,1235.0,23.376623376623375,-1.7481163795297285,1.111461589572842,2.8595779691025704,15,SE
SE-0117,Österåker,15.118539,1926.0,2573.0,33.59293873312565,-0.5419385800874855,2.274441229432431,2.816379809519917,16,SE
SE-1401,Härryda,10.878885,1540.0,1866.0,21.16883116883117,-1.8123088747091431,0.8601364006857545,2.6724452753948977,17,SE
SE-1233,Vellinge,16.539162,2024.0,2745.0,35.62252964426877,-0.11626298036724791,2.5054807798512857,2.621743760218534,18,SE
SE-1881,Kumla,13.161876,1045.0,1322.0,26.507177033492823,-1.1282332521964118,1.4678298140628923,2.596063066259304,19,SE
SE-1415,Stenungsund,13.818807,1363.0,1744.0,27.953044754218638,-0.9313903900156535,1.6324209276353698,2.563811317651023,20,SE
SE-1441,Lerum,12.912424,1959.0,2455.0,25.319040326697294,-1.202979071250033,1.3325776462161376,2.5355567174661706,21,SE
SE-0136,Haninge,15.252525,3016.0,3960.0,31.29973474801061,-0.5017910033524082,2.0133931458847503,2.5151841492371583,22,SE
SE-1760,Storfors,11.904762,242.0,294.0,21.487603305785125,-1.5049150008846326,0.8964239948031416,2.401338995687774,23,SE
SE-1262,Lomma,14.300847,1479.0,1888.0,27.653820148749155,-0.786951882340399,1.5983585370608127,2.3853104194012116,24,SE
SE-1267,Höör,11.196911,871.0,1036.0,18.94374282433984,-1.7170155363099844,0.6068422969671072,2.3238578332770916,25,SE
SE-1407,Öckerö,12.719752,791.0,967.0,22.25031605562579,-1.2607113261475658,0.9832478024258637,2.2439591285734295,26,SE
SE-1443,Bollebygd,12.765957,462.0,564.0,22.07792207792208,-1.2468664559145244,0.963623243168673,2.2104896990831975,27,SE
SE-1864,Ljusnarsberg,17.281106,325.0,434.0,33.53846153846154,0.10605318455393939,2.2682397892830037,2.1621866047290643,28,SE
SE-0138,Tyresö,15.851482,2160.0,2801.0,29.675925925925927,-0.3223194755919577,1.828546013311954,2.1508654889039116,29,SE
SE-0191,Sigtuna,12.53406,1821.0,2202.0,20.922570016474467,-1.3163520932358432,0.8321031326937944,2.148455225929638,30,SE
SE-0188,Norrtälje,14.430183,4103.0,5142.0,25.32293443821594,-0.7481976320112007,1.3330209344520125,2.081218566463213,31,SE
SE-0160,Täby,13.895939,3825.0,4728.0,23.607843137254903,-0.9082785508031238,1.1377826128149964,2.0460611636181203,32,SE
SE-1440,Ale,15.470992,1255.0,1603.0,27.729083665338646,-0.43632953240333777,1.6069261991154207,2.0432557315187583,33,SE
SE-1962,Norberg,10.874704,369.0,423.0,14.634146341463413,-1.8135616699140855,0.11625711133989781,1.9298187812539833,34,SE
SE-1421,Orust,13.313162,1101.0,1322.0,20.072661217075385,-1.0829019019512895,0.7353533168407095,1.818255218791999,35,SE
SE-1482,Kungälv,13.431404,2606.0,3127.0,19.992325402916347,-1.0474718587504401,0.7262082471205347,1.7736801058709748,36,SE
SE-1278,Båstad,14.161074,1225.0,1490.0,21.63265306122449,-0.8288334762605993,0.9129358101158151,1.7417692863764145,37,SE
SE-1446,Karlsborg,14.927769,504.0,623.0,23.61111111111111,-0.5991009195390008,1.1381546243402616,1.7372555438792623,38,SE
SE-0643,Habo,17.274168,487.0,631.0,29.568788501026695,0.1039742816283499,1.8163499681159245,1.7123756864875745,39,SE
SE-1884,Nora,15.112161,685.0,847.0,23.64963503649635,-0.5438496845641944,1.142540015678244,1.6863897002424384,40,SE
SE-1861,Hallsberg,11.009174,873.0,981.0,12.371134020618557,-1.7732690673767617,-0.14135408820269513,1.6319149791740666,41,SE
SE-0182,Nacka,17.242682,4124.0,5295.0,28.394762366634335,0.0945398138400684,1.6827040847111634,1.588164270871095,42,SE
SE-0461,Gnesta,16.59808,577.0,729.0,26.343154246100518,-0.09860878570454268,1.449158193664168,1.5477669793687108,43,SE
SE-0163,Sollentuna,15.275505,3000.0,3666.0,22.2,-0.49490527414658003,0.9775200477306648,1.4724253218772447,44,SE
SE-0127,Botkyrka,16.195013,2866.0,3569.0,24.528960223307745,-0.2193838167665746,1.2426384614869392,1.4620222782535137,45,SE
SE-1384,Kungsbacka,16.006724,4318.0,5354.0,23.99258916164891,-0.27580274916153386,1.1815803791596275,1.4573831283211613,46,SE
SE-0128,Salem,17.254902,802.0,1020.0,27.18204488778055,0.0982014157067019,1.5446537517296972,1.4464523360229953,47,SE
SE-1381,Laholm,14.210526,1598.0,1900.0,18.89862327909887,-0.814015674664141,0.6017060897687289,1.41572176443287,48,SE
SE-2029,Leksand,15.549005,1109.0,1357.0,22.36248872858431,-0.41295371027390987,0.9960170377369445,1.4089707480108544,49,SE
SE-0885,Borgholm,15.824916,966.0,1188.0,22.981366459627328,-0.33027971415079294,1.0664673102324427,1.3967470243832356,50,SE
SE-1484,Lysekil,11.251981,1139.0,1262.0,10.79894644424934,-1.7005143567031544,-0.3203248890789499,1.3801894676242046,51,SE
SE-1281,Lund,16.018199,5174.0,6374.0,23.192887514495556,-0.2723643791599289,1.0905459209281088,1.3629103000880376,52,SE
SE-0582,Söderköping,15.980392,830.0,1020.0,22.89156626506024,-0.2836928719399434,1.0562448577833332,1.3399377297232766,53,SE
SE-1882,Askersund,15.317287,755.0,914.0,21.059602649006624,-0.4823857120196042,0.847702314597457,1.3300880266170612,54,SE
SE-1465,Svenljunga,13.315217,636.0,736.0,15.723270440251572,-1.0822861415719172,0.24023812680110254,1.3225242683730196,55,SE
SE-1272,Bromölla,12.430011,791.0,893.0,12.895069532237674,-1.3475293446778451,-0.08171161326434681,1.2658177314134984,56,SE
SE-0665,Vaggeryd,13.260341,716.0,822.0,14.804469273743019,-1.0987291910018138,0.13564591205035093,1.2343751030521646,57,SE
SE-1984,Arboga,15.358362,978.0,1172.0,19.836400817995912,-0.47007799543433954,0.7084584898657716,1.1785364853001112,58,SE
SE-0192,Nynäshamn,17.32326,1488.0,1853.0,24.52956989247312,0.11868421279338567,1.2427078634975115,1.124023650704126,59,SE
SE-0980,Gotland,16.064083,3813.0,4619.0,21.138211382113823,-0.25861569339490625,0.8566507811363882,1.1152664745312943,60,SE
SE-1497,Hjo,14.104372,612.0,709.0,15.849673202614378,-0.8458236684898796,0.2546272518349526,1.1004509203248323,61,SE
SE-1285,Eslöv,13.045793,1662.0,1878.0,12.996389891696749,-1.163016372448811,-0.07017775677672741,1.0928386156720835,62,SE
SE-1781,Kristinehamn,11.888112,1692.0,1859.0,9.869976359338061,-1.5099040083379416,-0.42607468801236253,1.083829320325579,63,SE
SE-0139,Upplands-Bro,19.198664,930.0,1198.0,28.817204301075268,0.6806304310495535,1.7307929848315984,1.050162553782045,64,SE
SE-1260,Bjuv,13.691275,652.0,745.0,14.263803680981596,-0.9696040896273883,0.07409895951291232,1.0437030491403005,65,SE
SE-1083,Sölvesborg,15.522175,1176.0,1398.0,18.877551020408163,-0.4209930538157879,0.5993073181012558,1.0203003719170436,66,SE
SE-0642,Mullsjö,15.766739,388.0,463.0,19.329896907216497,-0.34771187550882005,0.650800350390779,0.9985122258995991,67,SE
SE-1214,Svalöv,14.637681,593.0,690.0,16.357504215851602,-0.6860229131795682,0.3124364627172563,0.9984593758968245,68,SE
SE-0126,Huddinge,16.305108,3555.0,4287.0,20.59071729957806,-0.18639494135684234,0.7943265038687087,0.980721445225551,69,SE
SE-0584,Vadstena,15.649867,635.0,754.0,18.740157480314963,-0.3827314117900876,0.5836670520952807,0.9663984638853682,70,SE
SE-1981,Sala,13.778322,1436.0,1633.0,13.718662952646241,-0.9435213189494199,0.012042577560221588,0.9555638965096415,71,SE
SE-1270,Tomelilla,14.771623,887.0,1029.0,16.00901916572717,-0.6458885206083317,0.27276648347838944,0.9186550040867212,72,SE
SE-0840,Mörbylånga,18.798956,910.0,1149.0,26.263736263736266,0.5608618910407145,1.4401176058098033,0.8792557147690888,73,SE
SE-1283,Helsingborg,14.192219,7230.0,8251.0,14.121715076071922,-0.8195011857420825,0.057924228330516775,0.8774254140725993,74,SE
SE-1961,Hallstahammar,12.924606,1090.0,1207.0,10.733944954128441,-1.199328855706717,-0.327724367945176,0.871604487761541,75,SE
SE-0882,Oskarshamn,16.030534,1763.0,2096.0,18.888258650028362,-0.2686683186832583,0.6005262267591139,0.8691945454423722,76,SE
SE-1487,Vänersborg,14.678571,2433.0,2800.0,15.08425811755035,-0.6737706300104515,0.16749582245867484,0.8412664524691262,77,SE
SE-0484,Eskilstuna,14.294986,5403.0,6163.0,14.066259485471036,-0.7887080728919811,0.05161141196427459,0.8403194848562556,78,SE
SE-0380,Uppsala,16.286326,9405.0,11218.0,19.27698032961191,-0.19202278147624502,0.6447765639063477,0.8367993453825928,79,SE
SE-1486,Strömstad,14.449541,762.0,872.0,14.435695538057743,-0.7423971992015217,0.09366635960398148,0.8360635588055032,80,SE
SE-1291,Simrishamn,13.40812,1678.0,1872.0,11.561382598331345,-1.054448678542803,-0.2335325678801066,0.8209161106626965,81,SE
SE-2180,Gävle,14.799223,5375.0,6176.0,14.902325581395349,-0.6376184541992432,0.14678543637592534,0.7844038905751686,82,SE
SE-1814,Lekeberg,16.26506,420.0,498.0,18.571428571428573,-0.19839492757246538,0.5644597078774162,0.7628546354498815,83,SE
SE-1761,Hammarö,14.754098,799.0,915.0,14.518147684605756,-0.6511397131380153,0.10305234313639346,0.7541920562744088,84,SE
SE-2026,Gagnef,14.48468,632.0,718.0,13.60759493670886,-0.7318681461743852,-0.0006009085370006057,0.7312672376373847,85,SE
SE-1880,Örebro,16.224477,6935.0,8179.0,17.9379956741168,-0.21055522123478507,0.49235254036305365,0.7029077615978387,86,SE
SE-1439,Färgelanda,11.428571,433.0,455.0,5.080831408775981,-1.6476009136893526,-0.971249526051713,0.6763513876376396,87,SE
SE-1231,Burlöv,14.959016,854.0,976.0,14.285714285714285,-0.5897380657315807,0.07659316474365731,0.666331230475238,88,SE
SE-0162,Danderyd,15.475189,2059.0,2378.0,15.492957746478872,-0.4350719429569993,0.21402035999260335,0.6490923029496026,89,SE
SE-1495,Skara,16.157556,1061.0,1244.0,17.247879359095194,-0.23060743551603932,0.4137927861367674,0.6444002216528067,90,SE
SE-0780,Växjö,15.574671,4725.0,5464.0,15.640211640211641,-0.40526314779363176,0.23078308454889476,0.6360462323425266,91,SE
SE-0561,Åtvidaberg,15.23395,801.0,919.0,14.731585518102372,-0.5073568179737423,0.12734915133684918,0.6347059693105915,92,SE
SE-0428,Vingåker,16.10306,533.0,621.0,16.51031894934334,-0.24693662171276726,0.32983220839657773,0.576768830109345,93,SE
SE-2101,Ockelbo,15.555556,352.0,405.0,15.056818181818182,-0.4109907680621005,0.1643721829211329,0.5753629509832334,94,SE
SE-1435,Tanum,13.6,912.0,1000.0,9.649122807017543,-0.996953738594401,-0.4512156684712277,0.5457380701231733,95,SE
SE-2062,Mora,16.564039,1385.0,1624.0,17.256317689530686,-0.10880883391583866,0.41475336792662365,0.5235622018424623,96,SE
SE-2510,Jokkmokk,12.628866,363.0,388.0,6.887052341597796,-1.287944415120624,-0.7656374147710038,0.5223070003496203,97,SE
SE-2581,Piteå,14.464945,2427.0,2710.0,11.660486196950968,-0.737781543296971,-0.2222510575302834,0.5155304857666876,98,SE
SE-1471,Götene,16.522678,791.0,926.0,17.06700379266751,-0.12120224756606789,0.39320272075966595,0.5144049683257338,99,SE
SE-1293,Hässleholm,14.241245,3475.0,3855.0,10.93525179856115,-0.8048110308228082,-0.3048084972745807,0.5000025335482275,100,SE
SE-0480,Nyköping,15.799523,3645.0,4190.0,14.951989026063101,-0.3378884748872415,0.15243890075896524,0.49032737564620676,101,SE
SE-1863,Hällefors,12.987013,573.0,616.0,7.504363001745201,-1.1806292167794714,-0.6953655306163328,0.48526368616313864,102,SE
SE-0883,Västervik,15.955473,2809.0,3234.0,15.12993948024208,-0.29115960327501883,0.1726959844424873,0.4638555877175061,103,SE
SE-1862,Degerfors,15.324675,680.0,770.0,13.23529411764706,-0.4801719710547369,-0.042981968377361714,0.4371900026773752,104,SE
SE-1883,Karlskoga,16.392057,2041.0,2367.0,15.972562469377758,-0.16034153540742777,0.2686164162465742,0.42895795165400197,105,SE
SE-2580,Luleå,15.889961,4252.0,4871.0,14.557855126999058,-0.3107896246732872,0.10757246075638423,0.4183620854296714,106,SE
SE-1427,Sotenäs,16.232962,699.0,807.0,15.450643776824036,-0.20801277509416483,0.2092035269688566,0.4172163020630214,107,SE
SE-0861,Mönsterås,14.57529,933.0,1036.0,11.039657020364416,-0.7047177578654175,-0.29292347385711714,0.4117942840083003,108,SE
SE-1256,Östra Göinge,14.826176,876.0,978.0,11.643835616438356,-0.6295422549266284,-0.22414648513331706,0.4053957697933114,109,SE
SE-1472,Tibro,14.965986,790.0,882.0,11.645569620253164,-0.5876495743231989,-0.2239490938957044,0.3637004804274945,110,SE
SE-1282,Landskrona,16.467066,2312.0,2672.0,15.570934256055363,-0.13786583210020667,0.22289685703290446,0.36076268913311116,111,SE
SE-0683,Värnamo,13.73944,2075.0,2249.0,8.3855421686747,-0.9551719248232667,-0.5950560360043441,0.36011588881892265,112,SE
SE-0604,Aneby,15.7277,375.0,426.0,13.600000000000001,-0.3594095248763707,-0.0014654821577437776,0.3579440427186269,113,SE
SE-2281,Sundsvall,16.321559,5705.0,6568.0,15.127081507449605,-0.1814655622809034,0.17237064560427248,0.3538362078851759,114,SE
SE-1286,Ystad,15.888978,2181.0,2486.0,13.984410820724438,-0.3110841708790891,0.04229412610059934,0.3533782969796884,115,SE
SE-0482,Flen,15.656963,1122.0,1271.0,13.279857397504458,-0.38060516573070774,-0.0379090839419245,0.34269608178878325,116,SE
SE-1980,Västerås,15.861401,8167.0,9293.0,13.787192359495531,-0.3193473455661697,0.01984365868548794,0.33919100425165766,117,SE
SE-2061,Smedjebacken,16.947115,715.0,832.0,16.363636363636363,0.005976092161262201,0.3131345189903282,0.30715842682906597,118,SE
SE-1277,Åstorp,15.234375,688.0,768.0,11.627906976744185,-0.5072294709366458,-0.2259597302230146,0.2812697407136312,119,SE
SE-1382,Falkenberg,15.939894,2994.0,3394.0,13.360053440213763,-0.2958276961948442,-0.02877992517835208,0.26704777101649213,120,SE
SE-1494,Lidköping,17.57975,2451.0,2884.0,17.66625866993064,0.19553889878132438,0.46141921535916136,0.26588031657783695,121,SE
SE-0586,Mjölby,19.078242,1538.0,1866.0,21.326397919375815,0.6445471724584205,0.8780730947293295,0.23352592227090896,122,SE
SE-1265,Sjöbo,14.165968,1102.0,1193.0,8.257713248638838,-0.8273670376734226,-0.6096075084481082,0.21775952922531439,123,SE
SE-1438,Dals-Ed,17.590361,354.0,415.0,17.231638418079097,0.1987183797475144,0.4119439900615895,0.21322561031407508,124,SE
SE-1292,Ängelholm,15.502183,2871.0,3206.0,11.668408220132358,-0.426983458440806,-0.22134924984865303,0.20563420859215295,125,SE
SE-1885,Lindesberg,16.736402,1456.0,1673.0,14.903846153846153,-0.05716196955099446,0.1469585315417956,0.20412050109279006,126,SE
SE-0331,Heby,15.139442,907.0,1004.0,10.694597574421168,-0.5356752033429499,-0.33220349763964635,0.20347170570330358,127,SE
SE-1290,Kristianstad,15.815428,5052.0,5678.0,12.39113222486144,-0.33312269929896055,-0.13907758208902818,0.19404511720993237,128,SE
SE-0181,Södertälje,16.599534,4122.0,4717.0,14.434740417273167,-0.09817310901762942,0.0935576329263773,0.19173074194400672,129,SE
SE-1904,Skinnskatteberg,16.618076,300.0,343.0,14.333333333333334,-0.0926171825191758,0.08201390411181037,0.17463108663098617,130,SE
SE-0186,Lidingö,17.039952,2865.0,3304.0,15.322862129144852,0.03379377894461529,0.19465743579871478,0.16086365685409948,131,SE
SE-0509,Ödeshög,17.257683,365.0,423.0,15.890410958904111,0.0990347147894434,0.25926465578004204,0.16022994099059865,132,SE
SE-1082,Karlshamn,16.995741,2247.0,2583.0,14.953271028037381,0.020546391045621896,0.15258483812897786,0.13203844708335596,133,SE
SE-0685,Vetlanda,14.56888,1859.0,2018.0,8.5529854760624,-0.7066384508249197,-0.5759950389102494,0.13064341191467033,134,SE
SE-0381,Enköping,17.783321,2399.0,2806.0,16.965402250937892,0.2565369309901852,0.38163685574017187,0.12509992474998666,135,SE
SE-2084,Avesta,16.809117,1535.0,1755.0,14.332247557003258,-0.035373640604005684,0.08189030419136394,0.11726394479536961,136,SE
SE-1730,Eda,13.673806,573.0,607.0,5.93368237347295,-0.9748385023121837,-0.8741647872622129,0.1006737150499708,137,SE
SE-1907,Surahammar,16.643159,624.0,709.0,13.62179487179487,-0.08510131020978504,0.0010155485530643404,0.08611685876284937,138,SE
SE-0680,Jönköping,16.230989,7483.0,8416.0,12.468261392489644,-0.2086039649863796,-0.13029754266573176,0.07830642232064783,139,SE
SE-2023,Malung-Sälen,17.01603,709.0,811.0,14.386459802538788,0.02662578877656434,0.08806158371718263,0.061435794940618293,140,SE
SE-0862,Emmaboda,15.258512,724.0,793.0,9.530386740331492,-0.4999970581498282,-0.46473205116442634,0.03526500698540186,141,SE
SE-1263,Svedala,18.828829,934.0,1110.0,18.843683083511777,0.5698130393682033,0.5954519436653564,0.025638904297153098,142,SE
SE-1452,Tranemo,14.521842,788.0,847.0,7.487309644670051,-0.7207329212506701,-0.6973068085015178,0.023426112749152295,143,SE
SE-1080,Karlskrona,16.013514,3986.0,4440.0,11.38986452584044,-0.27376819296886246,-0.25305741800603065,0.0207107749628318,144,SE
SE-0581,Norrköping,16.457621,7017.0,7893.0,12.48396750748183,-0.14069593272462103,-0.12850962879269529,0.01218630393192574,145,SE
SE-2181,Sandviken,17.317246,2458.0,2818.0,14.646053702196907,0.11688217730844865,0.1176125920209736,0.0007304147125249544,146,SE
SE-1491,Ulricehamn,16.524702,1566.0,1761.0,12.452107279693486,-0.12059577602940072,-0.13213645460475784,-0.011540678575357122,147,SE
SE-0481,Oxelösund,16.473988,925.0,1038.0,12.216216216216216,-0.13579172341601442,-0.15898923806687829,-0.023197514650863865,148,SE
SE-0183,Sundbyberg,17.336533,1458.0,1667.0,14.334705075445816,0.12266133567192973,0.08217005709772418,-0.04049127857420555,149,SE
SE-0765,Älmhult,14.218896,1008.0,1069.0,6.051587301587301,-0.8115076871335585,-0.8607430176661102,-0.04923533053255169,150,SE
SE-1493,Mariestad,17.299162,1778.0,2029.0,14.116985376827895,0.11146348596997144,0.05738582052579272,-0.05407766544417872,151,SE
SE-1498,Tidaholm,15.408163,898.0,980.0,9.131403118040089,-0.4551556194474185,-0.5101505619650946,-0.05499494251767606,152,SE
SE-1485,Uddevalla,15.110631,3424.0,3706.0,8.235981308411215,-0.5443081338977419,-0.6120813753108109,-0.06777324141306895,153,SE
SE-0560,Boxholm,20.493827,331.0,405.0,22.356495468277945,1.068713185418912,0.9953347917931321,-0.07337839362577991,154,SE
SE-1983,Köping,15.453586,1740.0,1896.0,8.96551724137931,-0.441545067762635,-0.5290342681120429,-0.08748920034940788,155,SE
SE-1488,Trollhättan,15.655048,3041.0,3328.0,9.437684972048668,-0.38117897649785965,-0.4752848057858162,-0.09410582928795658,156,SE
SE-1780,Karlstad,16.325137,5267.0,5856.0,11.182836529333587,-0.18039345004859447,-0.2766245590364955,-0.09623110898790105,157,SE
SE-0125,Ekerö,23.254282,1173.0,1518.0,29.411764705882355,1.8958561625674786,1.7984750816863349,-0.09738108088114372,158,SE
SE-1784,Arvika,14.903846,1938.0,2080.0,7.327141382868938,-0.6062692093471393,-0.71553964694927,-0.10927043760213062,159,SE
SE-1462,Lilla Edet,18.082192,631.0,730.0,15.689381933438987,0.34609066351738377,0.23638041077795782,-0.10971025273942595,160,SE
SE-2280,Härnösand,16.808965,1671.0,1874.0,12.148414123279473,-0.0354191858972731,-0.1667075250298109,-0.1312883391325378,161,SE
SE-0184,Solna,15.840757,3280.0,3592.0,9.512195121951219,-0.3255331155280983,-0.4668029036248379,-0.14126978809673957,162,SE
SE-1264,Skurup,17.5,775.0,880.0,13.548387096774196,0.17164260182028038,-0.0073408641825803535,-0.17898346600286072,163,SE
SE-1481,Mölndal,16.589578,2921.0,3243.0,11.023622047244094,-0.10115632572664669,-0.29474882346838976,-0.19359249774174309,164,SE
SE-1383,Varberg,18.689956,3932.0,4580.0,16.480162767039673,0.5282011215265601,0.3263993634998374,-0.20180175802672268,165,SE
SE-2460,Vännäs,15.716753,533.0,579.0,8.630393996247655,-0.36268968491188847,-0.5671831992414773,-0.20449351432958884,166,SE
SE-0483,Katrineholm,15.667808,2153.0,2336.0,8.499767765908036,-0.3773555689840926,-0.5820531049771003,-0.20469753599300766,167,SE
SE-1860,Laxå,13.186813,447.0,455.0,1.7897091722595078,-1.120761127339765,-1.3458961593823648,-0.22513503204259977,168,SE
SE-0583,Motala,18.01626,2690.0,3075.0,14.312267657992564,0.3263347932824553,0.07961588186344513,-0.24671891141901015,169,SE
SE-1473,Töreboda,16.871166,586.0,652.0,11.262798634812286,-0.016781272828008627,-0.26752203064079116,-0.25074075781278254,170,SE
SE-1785,Säffle,15.655431,1237.0,1335.0,7.922392886014551,-0.3810642143444294,-0.6477788785511445,-0.2667146642067151,171,SE
SE-2039,Älvdalen,16.286645,561.0,614.0,9.44741532976827,-0.19192719628840055,-0.47417714538952216,-0.2822499491011216,172,SE
SE-1380,Halmstad,18.255884,5794.0,6628.0,14.394200897480152,0.3981357495582314,0.08894279533730914,-0.30919295422092224,173,SE
SE-2021,Vansbro,15.607985,514.0,551.0,7.198443579766536,-0.39528093792579244,-0.7301900291545814,-0.334909091228789,174,SE
SE-2506,Arjeplog,14.8,238.0,250.0,5.042016806722689,-0.6373856338514218,-0.9756680067213119,-0.33828237286989016,175,SE
SE-2417,Norsjö,16.5625,292.0,320.0,9.58904109589041,-0.10926998001017185,-0.4580551017042972,-0.34878512169412534,176,SE
SE-1496,Skövde,16.860639,3042.0,3351.0,10.157790927021697,-0.01993558402686633,-0.39331116509918024,-0.3733755810723139,177,SE
SE-2523,Gällivare,13.909774,1299.0,1330.0,2.386451116243264,-0.9041330301955245,-1.2779657258663675,-0.373832695670843,178,SE
SE-1273,Osby,16.993464,970.0,1071.0,10.412371134020619,0.019864110566872265,-0.3643308931401174,-0.38419500370698967,179,SE
SE-1480,Göteborg,17.012982,22547.0,24881.0,10.351709761830842,0.02571248579051726,-0.3712363123955787,-0.39694879818609596,180,SE
SE-1447,Gullspång,16.363636,405.0,440.0,8.641975308641975,-0.16885760632817842,-0.5658648344448313,-0.39700722811665284,181,SE
SE-0512,Ydre,19.551282,267.0,312.0,16.853932584269664,0.7862889193481032,0.3689476475204417,-0.4173412718276615,182,SE
SE-0360,Tierp,16.577181,1367.0,1490.0,8.997805413313825,-0.10487096388872895,-0.5253587270526894,-0.4204877631639604,183,SE
SE-2081,Borlänge,18.275088,2754.0,3119.0,13.253449527959333,0.40389003779446875,-0.04091523768144285,-0.4448052754759116,184,SE
SE-0662,Gislaved,17.198118,1734.0,1913.0,10.322952710495963,0.08118665299026402,-0.37450988648152106,-0.45569653947178507,185,SE
SE-1766,Sunne,16.699801,923.0,1006.0,8.992416034669557,-0.06812909638574184,-0.5259722298094137,-0.4578431334236719,186,SE
SE-0760,Uppvidinge,16.235632,649.0,696.0,7.24191063174114,-0.20721273606111218,-0.7252419343975995,-0.5180291983364873,187,SE
SE-0682,Nässjö,15.997969,1848.0,1969.0,6.547619047619048,-0.27842609812572083,-0.8042769825811843,-0.5258508844554635,188,SE
SE-1081,Ronneby,17.264276,2056.0,2259.0,9.873540856031129,0.1010102418849184,-0.4256689216537755,-0.5266791635386939,189,SE
SE-1402,Partille,15.028307,1876.0,1943.0,3.571428571428571,-0.5689757044434594,-1.143073193090739,-0.5740974886472796,190,SE
SE-2309,Krokom,19.354839,730.0,837.0,14.657534246575343,0.727426721681415,0.11891948583745393,-0.608507235843961,191,SE
SE-2482,Skellefteå,17.389574,4592.0,5026.0,9.451219512195122,0.13855454554165678,-0.47374409427917996,-0.6122986398208368,192,SE
SE-0513,Kinda,19.254658,704.0,805.0,14.346590909090908,0.697408478097035,0.08352308723135277,-0.6138853908656823,193,SE
SE-0123,Järfälla,20.549265,3534.0,4151.0,17.45897000565931,1.0853246325778627,0.43782240107642534,-0.6475022315014374,194,SE
SE-2284,Örnsköldsvik,16.530404,3663.0,3914.0,6.852306852306852,-0.11888722825169716,-0.769592685845972,-0.6507054575942748,195,SE
SE-0319,Älvkarleby,18.867925,564.0,636.0,12.76595744680851,0.5815277682207297,-0.09640915551654065,-0.6779369237372703,196,SE
SE-1430,Munkedal,17.990074,730.0,806.0,10.41095890410959,0.31848841795678917,-0.364491655075905,-0.6829800730326941,197,SE
SE-0563,Valdemarsvik,20.121029,570.0,661.0,15.964912280701753,0.9570079601589346,0.26774555298904806,-0.6892624071698865,198,SE
SE-2031,Rättvik,18.165138,987.0,1090.0,10.435663627152989,0.37094461019739294,-0.36167937991551097,-0.7326239901129039,199,SE
SE-0763,Tingsryd,14.393939,1051.0,1056.0,0.47573739295908657,-0.7590577873347878,-1.495472828988974,-0.7364150416541863,200,SE
SE-2480,Umeå,20.359666,5367.0,6228.0,16.042481833426496,1.02851317166856,0.2765757238817736,-0.7519374477867864,201,SE
SE-1982,Fagersta,15.116279,930.0,946.0,1.7204301075268817,-0.5426157666847514,-1.353782578207649,-0.8111668115228975,202,SE
SE-2262,Timrå,20.899471,972.0,1134.0,16.666666666666664,1.1902603889858792,0.34763013315130076,-0.8426302558345784,203,SE
SE-1315,Hylte,15.915493,686.0,710.0,3.498542274052478,-0.3031392139647057,-1.151370243144034,-0.8482310291793282,204,SE
SE-0687,Tranås,17.60841,1410.0,1522.0,7.9432624113475185,0.20412658368293543,-0.6454031851422357,-0.8495297688251712,205,SE
SE-2514,Kalix,18.599562,1241.0,1371.0,10.475423045930702,0.5011154554764461,-0.35715334553642325,-0.8582688010128694,206,SE
SE-1444,Grästorp,16.826923,394.0,416.0,5.583756345177665,-0.030038249209794383,-0.913998801010167,-0.8839605518003726,207,SE
SE-0821,Högsby,15.776699,401.0,412.0,2.7431421446384037,-0.34472746023945294,-1.2373616147687099,-0.8926341545292569,208,SE
SE-0781,Ljungby,17.533719,1935.0,2076.0,7.286821705426356,0.1817461659234712,-0.7201294586685788,-0.9018756245920501,209,SE
SE-2184,Hudiksvall,19.027882,2389.0,2654.0,11.092507325240685,0.6294572976627075,-0.28690723156362197,-0.9163645292263295,210,SE
SE-2034,Orsa,18.374558,518.0,566.0,9.266409266409266,0.4336952372767889,-0.49478206595353735,-0.9284773032303262,211,SE
SE-0382,Östhammar,19.152641,1550.0,1723.0,11.161290322580646,0.6668400953123979,-0.27907728283127614,-0.945917378143674,212,SE
SE-1960,Kungsör,20.811287,491.0,567.0,15.478615071283095,1.1638369275286673,0.21238765400695736,-0.9514492735217099,213,SE
SE-2380,Östersund,20.060484,3497.0,3968.0,13.468687446382614,0.9388662510742146,-0.016413515865199416,-0.9552797669394141,214,SE
SE-2182,Söderhamn,17.34375,1808.0,1920.0,6.1946902654867255,0.12482383818187168,-0.8444528163938219,-0.9692766545756936,215,SE
SE-2505,Arvidsjaur,17.457306,495.0,527.0,6.4646464646464645,0.15884976793369948,-0.8137222102681174,-0.972571978201817,216,SE
SE-2121,Ovanåker,19.185423,841.0,933.0,10.93935790725327,0.6766628966538017,-0.3043410762287978,-0.9810039728825996,217,SE
SE-0860,Hultsfred,17.537644,1070.0,1129.0,5.514018691588785,0.1829222532660677,-0.9219374235394558,-1.1048596768055234,218,SE
SE-1466,Herrljunga,18.210361,594.0,637.0,7.23905723905724,0.3844952338647194,-0.7255667518567424,-1.1100619857214618,219,SE
SE-1470,Vara,18.864469,1003.0,1092.0,8.873379860418744,0.58049221207907,-0.539522775405323,-1.120014987484393,220,SE
SE-1763,Forshaga,21.268657,698.0,804.0,15.18624641833811,1.3008833142505811,0.17910571439927056,-1.1217775998513106,221,SE
SE-1287,Trelleborg,19.791667,2589.0,2880.0,11.239860950173812,0.8583179017303039,-0.27013315405360633,-1.1284510557839103,222,SE
SE-2560,Älvsbyn,16.640254,613.0,631.0,2.936378466557912,-0.08597176466335091,-1.2153644562794008,-1.12939269161605,223,SE
SE-0764,Alvesta,18.350669,1253.0,1346.0,7.42218675179569,0.4265371352316179,-0.704720107314131,-1.131257242545749,224,SE
SE-1490,Borås,19.091182,6102.0,6668.0,9.275647328744673,0.6484245151878991,-0.49373044626161045,-1.1421549614495095,225,SE
SE-2104,Hofors,17.083947,654.0,679.0,3.82262996941896,0.046976444584754425,-1.1144775496348867,-1.1614539942196411,226,SE
SE-2183,Bollnäs,19.821162,1814.0,2013.0,10.970231532524807,0.8671557861047993,-0.30082656083391035,-1.1679823469387096,227,SE
SE-1266,Hörby,18.355065,933.0,997.0,6.859592711682744,0.4278543530553263,-0.7687632962062279,-1.1966176492615541,228,SE
SE-0884,Vimmerby,19.134775,1105.0,1202.0,8.778280542986424,0.6614867255129501,-0.5503484562970098,-1.2118351818099597,229,SE
SE-1715,Kil,19.711538,755.0,832.0,10.198675496688741,0.834308041176179,-0.3886570485759534,-1.2229650897521323,230,SE
SE-2321,Åre,20.714286,497.0,560.0,12.676056338028168,1.1347715394218563,-0.10664309558827076,-1.241414635010127,231,SE
SE-2282,Kramfors,17.02432,1359.0,1398.0,2.869757174392936,0.029109805100163394,-1.2229483261645147,-1.2520581312646781,232,SE
SE-1492,Åmål,19.925164,969.0,1069.0,10.319917440660474,0.8983189544626979,-0.37485540802201534,-1.2731743624847134,233,SE
SE-2085,Ludvika,19.504644,1776.0,1938.0,9.121621621621621,0.7723143049572668,-0.5112640437621102,-1.283578348719377,234,SE
SE-0562,Finspång,21.358025,1424.0,1620.0,13.764044943820226,1.32766154957114,0.017208660429623258,-1.3104528891415166,235,SE
SE-0684,Sävsjö,17.380661,792.0,817.0,3.1565656565656566,0.1358838534436784,-1.190299331525404,-1.3261831849690824,236,SE
SE-1461,Mellerud,17.222222,702.0,720.0,2.564102564102564,0.08840917765420063,-1.257742679724742,-1.3461518573789426,237,SE
SE-1499,Falköping,18.845649,2147.0,2287.0,6.520726595249185,0.5748529856363515,-0.8073382990618017,-1.3821912846981532,238,SE
SE-2401,Nordmaling,18.491921,528.0,557.0,5.492424242424242,0.4688618968409144,-0.9243956390345719,-1.3932575358754864,239,SE
SE-1764,Grums,20.674487,615.0,682.0,10.894308943089431,1.1228461635879674,-0.30946924879308374,-1.432315412381051,240,SE
SE-0686,Eksjö,18.836141,1233.0,1306.0,5.920519059205191,0.5720040076864379,-0.8756632400754116,-1.4476672477618495,241,SE
SE-2481,Lycksele,17.265353,848.0,863.0,1.7688679245283019,0.1013329542589259,-1.3482686337955825,-1.4496015880545083,242,SE
SE-2305,Bräcke,22.515213,428.0,493.0,15.186915887850466,1.674401462897238,0.17918192381384015,-1.4952195390833978,243,SE
SE-2582,Boden,20.495951,1801.0,1976.0,9.71682398667407,1.0693496209643076,-0.44350886902470255,-1.5128584899890103,244,SE
SE-1257,Örkelljunga,21.022727,634.0,704.0,11.041009463722396,1.22719282758438,-0.2927695177550873,-1.5199623453394673,245,SE
SE-1442,Vårgårda,20.653789,614.0,673.0,9.609120521172638,1.1166442130613257,-0.4557693497508348,-1.5724135628121605,246,SE
SE-2521,Pajala,18.013468,579.0,594.0,2.5906735751295336,0.32549819815875347,-1.254717954688706,-1.5802161528474594,247,SE
SE-0617,Gnosjö,18.609023,511.0,532.0,4.10958904109589,0.5039503503422578,-1.081811412560244,-1.5857617629025018,248,SE
SE-0880,Kalmar,20.725018,3824.0,4193.0,9.649581589958158,1.1379872768386068,-0.45116344267352737,-1.5891507195121342,249,SE
SE-2161,Ljusdal,18.845619,1375.0,1438.0,4.581818181818182,0.5748439964337322,-1.0280549595882953,-1.6028989560220275,250,SE
SE-2132,Nordanstig,21.374046,590.0,655.0,11.016949152542372,1.3324620834095455,-0.2955084359515822,-1.6279705193611278,251,SE
SE-0180,Stockholm,21.88749,35686.0,40032.0,12.178445328700331,1.486310488385924,-0.16328890694235432,-1.6495993953282784,252,SE
SE-2513,Överkalix,18.012422,316.0,322.0,1.89873417721519,0.3251847746274529,-1.333485240516362,-1.658670015143815,253,SE
SE-2080,Falun,23.058946,3353.0,3851.0,14.852371011034894,1.837325666477416,0.1410988315463116,-1.6962268349311045,254,SE
SE-1276,Klippan,19.728507,1044.0,1105.0,5.842911877394636,0.8393926338173319,-0.884497694494941,-1.7238903283122728,255,SE
SE-2462,Vilhelmina,18.219462,475.0,483.0,1.6842105263157894,0.38722225829910795,-1.3579056533127976,-1.7451279116119056,256,SE
SE-1460,Bengtsfors,17.848101,787.0,790.0,0.3811944091486658,0.27594761584456007,-1.5062351793497735,-1.7821827951943336,257,SE
SE-1463,Mark,20.294883,2163.0,2306.0,6.611188164586222,1.0091015878939225,-0.7970405586673881,-1.8061421465613106,258,SE
SE-1783,Hagfors,19.981061,1002.0,1056.0,5.389221556886228,0.9150679364217137,-0.9361437711028673,-1.8512117075245809,259,SE
SE-0881,Nybro,21.851852,1470.0,1620.0,10.204081632653061,1.4756319149552324,-0.3880416382408745,-1.8636735531961068,260,SE
SE-1737,Torsby,19.071645,971.0,991.0,2.059732234809475,0.6425704468025962,-1.3151579418274146,-1.9577283886300108,261,SE
SE-2083,Hedemora,23.400526,1008.0,1141.0,13.194444444444445,1.939676727492505,-0.04763211244317921,-1.9873088399356842,262,SE
SE-2361,Härjedalen,19.809069,808.0,838.0,3.7128712871287126,0.8635322385292519,-1.1269719870467203,-1.9905042255759722,263,SE
SE-0834,Torsås,20.637899,504.0,533.0,5.753968253968254,1.1118829320743544,-0.8946226387170656,-2.00650557079142,264,SE
SE-2463,Åsele,18.518519,243.0,243.0,0.0,0.47683172388254247,-1.5496286457022044,-2.026460369584747,265,SE
SE-2422,Sorsele,16.438356,232.0,219.0,-5.603448275862069,-0.1464684990061825,-2.187500131696055,-2.0410316326898723,266,SE
SE-1060,Olofström,21.757679,1082.0,1172.0,8.317929759704251,1.4474139090152647,-0.6027527301930612,-2.0501666392083258,267,SE
SE-1280,Malmö,20.979068,14344.0,14953.0,4.245677635248187,1.2141108410135693,-1.0663196957628076,-2.280430536776377,268,SE
SE-2283,Sollefteå,21.406347,1532.0,1607.0,4.89556135770235,1.3421407578689648,-0.9923398399031982,-2.334480597772163,269,SE
SE-2518,Övertorneå,22.610723,397.0,429.0,8.060453400503778,1.7030200876339063,-0.6320626871634814,-2.335082774797388,270,SE
SE-2303,Ragunda,18.306636,452.0,437.0,-3.3185840707964607,0.41334308326816194,-1.9274014114031237,-2.3407444946712856,271,SE
SE-2418,Malå,21.576763,229.0,241.0,5.240174672489083,1.3932042229838641,-0.953110601695862,-2.3463148246797263,272,SE
SE-0761,Lessebo,25.085911,511.0,582.0,13.894324853228962,2.44468563600271,0.03203914253966115,-2.4126464934630487,273,SE
SE-0767,Markaryd,20.801034,758.0,774.0,2.1108179419525066,1.1607647177137261,-1.3093425734463515,-2.470107291160078,274,SE
SE-2260,Ånge,20.891365,704.0,718.0,1.9886363636363635,1.187831506438341,-1.3232511777708202,-2.5110826842091614,275,SE
SE-1765,Årjäng,24.175824,664.0,728.0,9.63855421686747,2.1719870878850234,-0.4524187494977674,-2.624405837382791,276,SE
SE-2409,Robertsfors,22.814499,443.0,469.0,5.8690744920993225,1.764079546060661,-0.8815194594693673,-2.6455990055300282,277,SE
SE-2584,Kiruna,22.75242,1382.0,1446.0,4.630969609261939,1.7454781890820448,-1.0224597809556442,-2.767937970037689,278,SE
SE-2421,Storuman,20.910973,486.0,483.0,-0.6172839506172839,1.1937068492698406,-1.6198974893634452,-2.8136043386332856,279,SE
SE-2082,Säter,29.598051,676.0,821.0,21.449704142011836,3.796703659448531,0.8921097235323368,-2.904593935916194,280,SE
SE-1762,Munkfors,20.857143,356.0,350.0,-1.6853932584269662,1.1775772233712458,-1.7414862750244688,-2.9190634983957144,281,SE
SE-1275,Perstorp,24.536082,450.0,485.0,7.777777777777778,2.2799348264504373,-0.6642412155705685,-2.944176042021006,282,SE
SE-2326,Berg,24.525043,548.0,579.0,5.656934306569343,2.276627099526889,-0.9056685492300292,-3.1822956487569183,283,SE
SE-1782,Filipstad,24.567474,834.0,867.0,3.9568345323741005,2.2893411280705136,-1.0992003025211563,-3.38854143059167,284,SE
SE-2403,Bjurholm,20.187793,234.0,213.0,-8.974358974358974,0.9770131309464846,-2.5712295266233225,-3.548242657569807,285,SE
SE-2313,Strömsund,26.401631,924.0,981.0,6.1688311688311686,2.838928091646403,-0.8473965002824004,-3.6863245919288037,286,SE
SE-1445,Essunga,28.927681,372.0,401.0,7.795698924731183,3.595833934134738,-0.6622011523675002,-4.258035086502238,287,SE
SE-2583,Haparanda,30.982019,639.0,723.0,13.145539906103288,4.2113959517693065,-0.053199186324791474,-4.264595138094098,288,SE
SE-2404,Vindeln,25.365854,424.0,410.0,-3.30188679245283,2.5285677809577627,-1.9255006679278988,-4.4540684488856614,289,SE
SE-2425,Dorotea,25.0,258.0,232.0,-10.077519379844961,2.418943256463898,-2.6968083724508354,-5.115751628914733,290,SE
FI-170,Jomala,10.0,277.349,410.184,47.89452999650262,-1.2774945766719537,3.6342255565619936,4.911720133233947,1,FI
FI-755,Siuntio,12.0,399.425,591.168,48.00475683795456,-0.8408566269406847,3.6466848633526117,4.487541490293296,2,FI
FI-186,Järvenpää,9.9,2928.637,4091.120000000001,39.69365271284903,-1.299326474158517,2.7072530997325823,4.006579573891099,3,FI
FI-858,Tuusula,8.8,2624.732,3513.73,33.87004844685096,-1.539477346510715,2.0489917250849357,3.5884690715956507,4,FI
FI-245,Kerava,8.9,2756.7,3668.256,33.06692784851453,-1.5176454490241515,1.9582123305859906,3.475857779610142,5,FI
FI-417,Lemland,8.7,147.816,195.68399999999997,32.38350381555445,-1.5613092439972787,1.880962637293783,3.4422718812910618,6,FI
FI-276,Kontiolahti,7.8,874.4390000000001,1120.064,28.089437913908228,-1.7577963213763494,1.3955900751935675,3.1533863965699167,7,FI
FI-604,Pirkkala,9.0,1452.102,1889.433,30.117099212038816,-1.495813551537588,1.6247833809990957,3.120596932536684,8,FI
FI-500,Muurame,10.0,691.1519999999999,907.386,31.286026807417187,-1.2774945766719537,1.756911157999661,3.0344057346716147,9,FI
FI-529,Naantali,11.0,1950.714,2579.871,32.252652105844334,-1.0591756018063192,1.866172032991962,2.925347634798281,10,FI
FI-418,Lempäälä,10.2,1552.5179999999998,2026.302,30.517134100860677,-1.233830781698827,1.6700006560396354,2.9038314377384626,11,FI
FI-543,Nurmijärvi,10.6,2837.538,3717.1550000000007,30.999302916824394,-1.1465031917525732,1.7245018022561889,2.871004994008762,12,FI
FI-257,Kirkkonummi,11.7,2414.7459999999996,3210.012,32.9337329888941,-0.9063523194003753,1.9431568722503925,2.8495091916507675,13,FI
FI-927,Vihti,11.8,2099.376,2794.6669999999995,33.118936293450965,-0.8845204219138115,1.9640910182325793,2.848611440146391,14,FI
FI-049,Espoo,11.6,17094.129,22609.728000000003,32.26604292035003,-0.9281842168869386,1.8676856413282354,2.795869858215174,15,FI
FI-244,Kempele,13.1,1156.365,1561.12,35.0023565223783,-0.600705754588487,2.1769802758649255,2.7776860304534123,16,FI
FI-202,Kaarina,10.5,2918.5820000000003,3779.2560000000003,29.48945755164665,-1.1683350892391364,1.553838954955567,2.7221740441947033,17,FI
FI-481,Masku,9.6,686.448,875.329,27.515704030021208,-1.3648221666182077,1.3307390245659583,2.695561191184166,18,FI
FI-092,Vantaa,9.3,14260.275,18063.339,26.668938712612487,-1.4303178590778978,1.2350263221943647,2.6653441812722622,19,FI
FI-304,Kustavi,9.8,144.248,184.106,27.631578947368425,-1.3211583716450805,1.3438367521752173,2.664995123820298,20,FI
FI-423,Lieto,12.8,1579.526,2104.974,33.26618238636148,-0.6662014470481771,1.9807347342379211,2.6469361812860983,21,FI
FI-235,Kauniainen,10.0,1087.4669999999999,1386.45,27.49352394141617,-1.2774945766719537,1.3282319353222396,2.6057265119941935,22,FI
FI-980,Ylöjärvi,10.5,2427.542,3098.2839999999997,27.630500316781326,-1.1683350892391364,1.3437148309696254,2.512049920208762,23,FI
FI-736,Saltvik,6.0,195.99399999999997,232.83,18.794452891415066,-2.1507704761344915,0.3449469787937093,2.495717454928201,24,FI
FI-895,Uusikaupunki,9.9,1862.64,2345.2659999999996,25.91085770734009,-1.299326474158517,1.1493379028183348,2.448664376976852,25,FI
FI-106,Hyvinkää,8.8,4321.710000000001,5346.714,23.7175562450974,-1.539477346510715,0.9014217379130038,2.4408990844237186,26,FI
FI-704,Rusko,14.0,474.525,630.7280000000001,32.9177598651283,-0.40421867720941584,1.94135137690297,2.345570054112386,27,FI
FI-478,Maarianhamina - Mariehamn,10.1,1261.332,1559.184,23.614084158651316,-1.2556626791853904,0.8897259435645901,2.1453886227499805,28,FI
FI-505,Mäntsälä,12.0,1533.354,1949.001,27.10704768761812,-0.8408566269406847,1.284547237929743,2.1254038648704277,29,FI
FI-908,Valkeakoski,10.7,2411.78,3000.63,24.415576876829554,-1.1246712942660098,0.9803213333506894,2.1049926276166993,30,FI
FI-076,Hammarland,17.0,147.21900000000002,200.81199999999998,36.40358921063175,0.2507382473874875,2.3353662707644007,2.084628023376913,31,FI
FI-886,Ulvila,8.5,1441.552,1729.5540000000003,19.978606390889848,-1.6049730389704053,0.4787957904152697,2.083768829385675,32,FI
FI-678,Raahe,13.3,2393.863,3093.61,29.230870772471125,-0.5570419596153598,1.524610030572839,2.081651990188199,33,FI
FI-536,Nokia,12.7,2782.178,3529.053,26.84497541135039,-0.6880333445347409,1.25492433620885,1.9429576807435909,34,FI
FI-444,Lohja,12.1,4550.535,5705.625,25.38360874051073,-0.8190247294541214,1.0897411970955495,1.908765926549671,35,FI
FI-072,Hailuoto,15.1,156.317,204.76800000000003,30.995349194265508,-0.16406780485721803,1.7240548998349885,1.8881227046922064,36,FI
FI-753,Sipoo,13.1,1587.75,2010.955,26.65438513619902,-0.600705754588487,1.2333812830092845,1.8340870375977714,37,FI
FI-577,Paimio,13.9,965.65,1235.96,27.99254388235904,-0.42605057469597923,1.3846378202858778,1.810688394981857,38,FI
FI-851,Tornio,12.3,1922.5780000000002,2396.052,24.62703723854116,-0.7753609344809943,1.0042234019023741,1.7795843363833685,39,FI
FI-211,Kangasala,11.6,2772.5159999999996,3414.2459999999996,23.146124314521543,-0.9281842168869386,0.8368308847304422,1.7650151016173807,40,FI
FI-743,Seinäjoki,10.7,5357.604,6483.68,21.018276080128356,-1.1246712942660098,0.5963131160366977,1.7209844103027074,41,FI
FI-440,Luoto,10.2,335.85400000000004,403.16700000000003,20.042339826234013,-1.233830781698827,0.48599979275547284,1.7198305744542999,42,FI
FI-316,Kärkölä,12.9,454.27200000000005,567.7320000000001,24.976225697379547,-0.6443695495616137,1.0436933357143443,1.688062885275958,43,FI
FI-946,Vöyri,4.3,807.625,874.4490000000001,8.274137130475168,-2.52191273340607,-0.844199329611357,1.677713403794713,44,FI
FI-398,Lahti,11.6,12341.769000000002,15086.625,22.240377372157894,-0.9281842168869386,0.7344512929638274,1.662635509850766,45,FI
FI-016,Asikkala,11.6,1099.288,1338.624,21.77191054573506,-0.9281842168869386,0.6814989282335525,1.6096831451204912,46,FI
FI-831,Taipalsaari,12.1,471.77099999999996,578.125,22.543564568402903,-0.8190247294541214,0.7687215509449647,1.5877462803990863,47,FI
FI-082,Hattula,15.8,838.558,1087.0359999999998,29.631581834530213,-0.011244522451273676,1.5699037357250945,1.581148258176368,48,FI
FI-098,Hollola,11.3,2387.8199999999997,2883.51,20.75910244490793,-0.9936799093466288,0.5670178573618045,1.5606977667084334,49,FI
FI-169,Jokioinen,11.5,549.231,663.66,20.834403010755032,-0.950016114373502,0.5755293309651304,1.5255454453386323,50,FI
FI-167,Joensuu,10.7,7070.2,8430.696000000002,19.24268054651922,-1.1246712942660098,0.39561164262168413,1.520282936887694,51,FI
FI-078,Hanko,15.4,1090.467,1397.501,28.1561936308022,-0.09857211239752754,1.4031356960773185,1.501707808474846,52,FI
FI-019,Aura,16.2,299.51599999999996,388.17800000000005,29.601757502103425,0.0760830674949798,1.5665325921575566,1.4904495246625769,53,FI
FI-241,Keminmaa,16.5,751.3470000000001,976.757,30.000785256346248,0.14157875995467029,1.6116360274242776,1.4700572674696073,54,FI
FI-061,Forssa,12.1,2264.734,2750.323,21.441326001199258,-0.8190247294541214,0.6441318567802333,1.4631565862343547,55,FI
FI-638,Porvoo,15.3,4383.0599999999995,5590.501,27.547900325343498,-0.1204040098840909,1.3343782789948957,1.4547822888789865,56,FI
FI-020,Akaa,13.4,1565.125,1935.79,23.682772941458346,-0.5352100621287964,0.8974900653229012,1.4327001274516977,57,FI
FI-599,Pedersören kunta,11.4,864.318,1032.6999999999998,19.481487137835824,-0.9718480118600654,0.42260474653034147,1.394452758390407,58,FI
FI-564,Oulu,13.5,13562.274,16741.374,23.440759270901033,-0.5133781646422331,0.8701344545725755,1.3835126192148086,59,FI
FI-231,Kaskinen,11.6,201.852,241.6,19.691655272179613,-0.9281842168869386,0.4463607503213311,1.3745449672082697,60,FI
FI-598,Pietarsaari,8.9,2381.792,2726.5,14.472632370920724,-1.5176454490241515,-0.14356278025899422,1.3740826687651573,61,FI
FI-624,Pyhtää,11.8,570.54,683.775,19.8469870648859,-0.8845204219138115,0.46391841988866755,1.348438841802479,62,FI
FI-892,Uurainen,14.2,290.79900000000004,361.5,24.312669575892613,-0.3605548822362891,0.9686893785883202,1.3292442608246093,63,FI
FI-312,Kyyjärvi,11.9,182.507,218.364,19.646917652473604,-0.8626885244272482,0.44130390825222227,1.3039924326794705,64,FI
FI-560,Orimattila,13.4,1664.3120000000001,2036.97,22.39111416609385,-0.5352100621287964,0.7514895745252301,1.2866996366540264,65,FI
FI-771,Sund,16.3,101.277,129.35,27.719028012283136,0.09791496498154355,1.3537214110656757,1.255806446084132,66,FI
FI-249,Keuruu,12.2,1373.515,1643.9359999999997,19.688245122914534,-0.7971928319675581,0.44597528979886897,1.243168121766427,67,FI
FI-111,Heinola,10.2,2781.383,3213.5869999999995,15.539176014234638,-1.233830781698827,-0.023007802155720947,1.210822979543106,68,FI
FI-426,Liperi,13.3,1015.056,1232.807,21.45211692753897,-0.5570419596153598,0.645351591103112,1.202393550718472,69,FI
FI-018,Askola,16.3,365.78200000000004,465.3,27.206915594534436,0.09791496498154355,1.2958356398690274,1.1979206748874838,70,FI
FI-837,Tampere,12.7,20003.76,23974.7,19.850968018012626,-0.6880333445347409,0.4643684002715905,1.1524017448063313,71,FI
FI-297,Kuopio,13.0,10616.098,12774.163,20.328231709993638,-0.6225376520750503,0.5183151039971723,1.1408527560722226,72,FI
FI-625,Pyhäjoki,13.0,369.24,444.02,20.25241035640775,-0.6225376520750503,0.5097447640222362,1.1322824160972864,73,FI
FI-091,Helsinki,12.9,48383.79,58007.0,19.88932656991112,-0.6443695495616137,0.4687041950730369,1.1130737446346506,74,FI
FI-833,Taivassalo,12.6,245.85,293.26,19.284116331096197,-0.7098652420213042,0.4002952672756628,1.1101605092969669,75,FI
FI-285,Kotka,13.7,5994.49,7272.0,21.311404306287944,-0.46971436966910635,0.62944637514677,1.0991607448158764,76,FI
FI-915,Varkaus,10.6,2721.978,3136.593,15.23212164095374,-1.1465031917525732,-0.05771518002951875,1.0887880117230544,77,FI
FI-051,Eurajoki,15.0,968.4060000000001,1197.733,23.68087351792532,-0.1858997023437814,0.8972753671585381,1.0831750695023195,78,FI
FI-609,Pori,10.7,9736.344000000001,11219.31,15.231240802502441,-1.1246712942660098,-0.05781474413162978,1.06685655013438,79,FI
FI-149,Inkoo,13.4,576.302,693.8910000000001,20.404058982963804,-0.5352100621287964,0.5268861130598166,1.0620961751886129,80,FI
FI-749,Siilinjärvi,14.7,1820.955,2235.45,22.762506486980726,-0.2513953948034719,0.7934692847723646,1.0448646795758365,81,FI
FI-143,Ikaalinen,13.4,930.2280000000001,1116.55,20.0297131455944,-0.5352100621287964,0.4845725570135806,1.0197826191423771,82,FI
FI-179,Jyväskylä,14.9,10822.4,13297.14,22.866831756357183,-0.20773159983034478,0.8052615172273051,1.0129931170576498,83,FI
FI-738,Sauvo,15.3,291.555,359.85400000000004,23.425768722882488,-0.1204040098840909,0.8684400230324685,0.9888440329165594,84,FI
FI-438,Lumparland,10.0,53.07,60.023999999999994,13.103448275862057,-1.2774945766719537,-0.29832621599264597,0.9791683606793077,85,FI
FI-734,Salo,14.7,6064.460999999999,7409.5,22.179036191344967,-0.2513953948034719,0.7275176951161537,0.9789130899196257,86,FI
FI-680,Raisio,13.8,2381.544,2862.4030000000002,20.19106092518133,-0.4478824721825426,0.5028102336028629,0.9506927057854055,87,FI
FI-145,Ilmajoki,12.3,1116.479,1308.358,17.186082317714877,-0.7753609344809943,0.16314749922257094,0.9385084337035652,88,FI
FI-140,Iisalmi,11.4,2329.112,2680.34,15.07991028340415,-0.9718480118600654,-0.07492013642440618,0.8969278754356592,89,FI
FI-853,Turku,13.0,17945.466,21195.615,18.11125439707167,-0.6225376520750503,0.26772277888207396,0.8902604309571243,90,FI
FI-977,Ylivieska,14.1,1266.1650000000002,1521.531,20.16846145644523,-0.3823867797228525,0.5002557404269805,0.882642520149833,91,FI
FI-079,Harjavalta,11.6,977.271,1126.104,15.229450172981709,-0.9281842168869386,-0.05801714494665147,0.8701670719402872,92,FI
FI-445,Parainen,16.7,1740.18,2174.855,24.978737831718554,0.18524255492779704,1.043977290620578,0.8587347356927809,93,FI
FI-562,Orivesi,11.7,1227.172,1414.24,15.243828900920162,-0.9063523194003753,-0.05639186946670286,0.8499604499336725,94,FI
FI-905,Vaasa,11.2,6154.876,7033.512,14.275446004111203,-1.0155118068331925,-0.1658514116544459,0.8496603951787467,95,FI
FI-171,Joroinen,12.5,591.1080000000001,688.5,16.476176942284646,-0.7316971395078675,0.08290453164510797,0.8146016711529755,96,FI
FI-108,Hämeenkyrö,12.2,1050.8039999999999,1217.642,15.877175952889427,-0.7971928319675581,0.015197455977764264,0.8123902879453223,97,FI
FI-214,Kankaanpää,13.5,1458.3780000000002,1722.766,18.128907594601667,-0.5133781646422331,0.2697181785593616,0.7830963432015947,98,FI
FI-301,Kurikka,12.0,2626.1059999999998,3023.127,15.11823970548029,-0.8408566269406847,-0.07058763426374196,0.7702689926769428,99,FI
FI-635,Pälkäne,11.3,842.985,956.887,13.511746946861441,-0.9936799093466288,-0.2521748581457371,0.7415050512008916,100,FI
FI-850,Toivakka,18.4,274.62,348.096,26.755516714004806,0.5563848121993754,1.244812521875463,0.6884277096760877,101,FI
FI-109,Hämeenlinna,15.0,7642.529,9154.746,19.786866363215612,-0.1858997023437814,0.4571227768609758,0.6430224792047572,102,FI
FI-075,Hamina,13.3,2634.5409999999997,3066.8379999999997,16.408816564251612,-0.5570419596153598,0.07529056390013272,0.6323325235154926,103,FI
FI-684,Rauma,14.4,4390.96,5203.488,18.504563922240244,-0.316891087263162,0.31217986368282297,0.629070950945985,104,FI
FI-224,Karkkila,15.7,923.684,1115.53,20.769657155477418,-0.033076419937837435,0.5682108914299063,0.6012873113677437,105,FI
FI-399,Laihia,15.2,737.564,883.43,19.776724460521393,-0.14223590737065467,0.45597640384108873,0.5982123112117435,106,FI
FI-538,Nousiainen,10.7,381.915,422.55,10.639802050194412,-1.1246712942660098,-0.57680034937807,0.5478709448879397,107,FI
FI-992,Äänekoski,15.2,2139.21,2551.8819999999996,19.290859709892885,-0.14223590737065467,0.4010574938270779,0.5432934011977326,108,FI
FI-165,Janakkala,14.1,1706.9520000000002,1999.2520000000002,17.12409019117116,-0.3823867797228525,0.15614032281220663,0.5385271025350591,109,FI
FI-531,Nakkila,13.6,671.454,779.6619999999999,16.115474775636155,-0.49154626715566974,0.042133165114809024,0.5336794322704788,110,FI
FI-611,Pornainen,14.7,307.135,363.029,18.198512054959547,-0.2513953948034719,0.2775858023991716,0.5289811972026435,111,FI
FI-834,Tammela,16.1,673.68,812.316,20.57890986818669,0.05425117000841682,0.5466500906255982,0.4923989206171814,112,FI
FI-434,Loviisa,16.2,1772.64,2139.784,20.71170683274664,0.0760830674949798,0.5616605735580755,0.48557750606309574,113,FI
FI-934,Vimpeli,12.1,353.375,398.4,12.741422002122386,-0.8190247294541214,-0.3392472507548868,0.4797774786992346,114,FI
FI-182,Jämsä,14.7,2805.298,3299.3039999999996,17.609751263502126,-0.2513953948034719,0.21103621039028236,0.46243160519375426,115,FI
FI-790,Sastamala,13.1,3204.564,3668.34,14.472358798263985,-0.600705754588487,-0.14359370308700006,0.4571120515014869,116,FI
FI-305,Kuusamo,11.7,1816.08,2027.565,11.645136778115509,-0.9063523194003753,-0.46316401872177626,0.44318830067859905,117,FI
FI-922,Vesilahti,12.7,335.335,379.865,13.279258055377468,-0.6880333445347409,-0.2784538514132028,0.4095794931215381,118,FI
FI-425,Liminka,14.9,428.02200000000005,502.54400000000004,17.41078729598011,-0.20773159983034478,0.18854665086937192,0.39627825069971667,119,FI
FI-499,Mustasaari,16.5,1886.4559999999997,2272.745,20.476968453014557,0.14157875995467029,0.5351273131462745,0.3935485531916042,120,FI
FI-989,Ähtäri,14.7,746.928,871.824,16.721290405500927,-0.2513953948034719,0.1106105222776535,0.3620059170811254,121,FI
FI-931,Viitasaari,11.1,1012.8639999999999,1110.753,9.664574908378619,-1.037343704319756,-0.6870335193607042,0.35031018495905175,122,FI
FI-694,Riihimäki,17.3,2648.9559999999997,3218.579,21.503679185309252,0.316233939847178,0.6511798447291309,0.3349459048819529,123,FI
FI-287,Kristiinankaupunki,15.4,1031.2740000000001,1215.0040000000001,17.815827801340866,-0.09857211239752754,0.2343297274090093,0.3329018398065368,124,FI
FI-729,Saarijärvi,12.9,1340.496,1512.8370000000002,12.85650982919756,-0.6443695495616137,-0.3262384905789873,0.31813105898262645,125,FI
FI-403,Lappajärvi,13.7,473.36800000000005,541.066,14.301346943604123,-0.46971436966910635,-0.16292374224963727,0.30679062741946905,126,FI
FI-103,Humppila,14.8,244.608,284.75,16.410746991104133,-0.22956349731690814,0.07550876647289621,0.30507226378980434,127,FI
FI-208,Kalajoki,17.7,1348.6570000000002,1645.476,22.00848696147352,0.40356152979343146,0.7082399479732447,0.3046784181798133,128,FI
FI-762,Sonkajärvi,13.5,549.477,625.564,13.84716739736149,-0.5133781646422331,-0.21426116814447213,0.2991169964977609,129,FI
FI-322,Kemiönsaari,16.9,982.72,1182.546,20.333971019211987,0.22890634990092376,0.5189638372219995,0.2900574873210757,130,FI
FI-707,Rääkkylä,14.6,357.168,412.73400000000004,15.557384760112896,-0.2732272922900353,-0.020949606999430097,0.2522776852906052,131,FI
FI-433,Loppi,16.3,829.768,984.576,18.656781172568717,0.09791496498154355,0.3293854861581223,0.23147052117657874,132,FI
FI-503,Mynämäki,15.9,880.21,1037.07,17.820747321661866,0.010587375035289693,0.23488579716601798,0.2242984221307283,133,FI
FI-226,Karstula,12.8,600.2479999999999,670.625,11.724653809758646,-0.6662014470481771,-0.4541759439545872,0.21202550309358986,134,FI
FI-623,Puumala,16.9,380.727,455.32800000000003,19.594355010282975,0.22890634990092376,0.43536257784528976,0.206456227944366,135,FI
FI-408,Lapua,14.1,1499.19,1710.9279999999999,14.123493353077315,-0.3823867797228525,-0.18302712559073248,0.19935965413212003,136,FI
FI-508,Mänttä-Vilppula,14.7,1497.96,1724.406,15.116959064327478,-0.2513953948034719,-0.07073238939598925,0.18066300540748265,137,FI
FI-060,Finström,13.6,254.114,287.1,12.980788150200311,-0.49154626715566974,-0.3121908982829554,0.17935536887271436,138,FI
FI-232,Kauhajoki,18.0,1476.608,1791.7559999999999,21.34269894244105,0.46905722225312196,0.6329837120385499,0.1639264897854279,139,FI
FI-405,Lappeenranta,15.8,7481.302000000001,8758.56,17.072669971082558,-0.011244522451273676,0.15032812417813504,0.1615726466294087,140,FI
FI-698,Rovaniemi,16.1,5106.401999999999,6006.312,17.623171853684862,0.05425117000841682,0.21255318437044285,0.15830201436202604,141,FI
FI-416,Lemi,13.7,329.781,372.06,12.820326216489123,-0.46971436966910635,-0.33032844476427414,0.1393859249048322,142,FI
FI-422,Lieksa,13.2,1719.672,1922.864,11.815741606538923,-0.5788738571019236,-0.44387998708947307,0.13499387001245056,143,FI
FI-887,Urjala,15.0,693.8240000000001,799.4,15.216539064661916,-0.1858997023437814,-0.05947653049598105,0.12642317184780033,144,FI
FI-740,Savonlinna,15.3,4649.334,5381.467,15.747051083015325,-0.1204040098840909,0.0004890088019683186,0.12089301868605923,145,FI
FI-702,Ruovesi,14.0,745.242,841.2959999999999,12.888967610521144,-0.40421867720941584,-0.3225696795169407,0.08164899769247513,146,FI
FI-893,Uusikaarlepyy,14.3,888.216,1005.0,13.148153151936015,-0.33872298474972534,-0.29327307504525835,0.045449909704466995,147,FI
FI-480,Marttila,19.5,233.50799999999998,287.57,23.152097572674176,0.7965356845515736,0.8375060619820344,0.040970377430460725,148,FI
FI-286,Kouvola,14.4,10099.899,11437.6,13.244696803403688,-0.316891087263162,-0.28236042476445805,0.03453066249870396,149,FI
FI-700,Ruokolahti,13.9,784.058,880.23,12.265929306250307,-0.42605057469597923,-0.39299377289533444,0.0330568018006448,150,FI
FI-925,Vieremä,11.2,411.585,440.31,6.979117314770952,-1.0155118068331925,-0.9905797299861928,0.024932076846999718,151,FI
FI-213,Kangasniemi,14.3,878.3839999999999,992.1159999999999,12.94786790287619,-0.33872298474972534,-0.31591198341640797,0.02281100133331737,152,FI
FI-280,Korsnäs,16.6,267.933,314.34,17.320374869836854,0.16341065744123404,0.1783270333954004,0.014916375954166367,153,FI
FI-410,Laukaa,19.7,1493.3370000000002,1838.6760000000002,23.125322683359474,0.8401994795247004,0.8344796071198386,-0.0057198724048618255,154,FI
FI-710,Raasepori,16.2,3414.4640000000004,3972.5139999999997,16.343707240726484,0.0760830674949798,0.06793104033905094,-0.00815202715592886,155,FI
FI-541,Nurmes,13.5,1471.0080000000003,1634.27,11.098648001914311,-0.5133781646422331,-0.5249354641395322,-0.011557299497299112,156,FI
FI-535,Nivala,15.9,1021.3439999999999,1181.3020000000001,15.66152050631327,0.010587375035289693,-0.009178796979929498,-0.019766172015219192,157,FI
FI-272,Kokkola,20.4,4434.3330000000005,5505.63,24.15914636992755,0.9930227619306444,0.9513361396004104,-0.04168662233023401,158,FI
FI-491,Mikkeli,16.4,6110.41,7112.902999999999,16.406313160655333,0.11974686246810654,0.07500759585881063,-0.044739266609295905,159,FI
FI-400,Laitila,14.0,944.68,1055.125,11.691260532667153,-0.40421867720941584,-0.45795049721717374,-0.05373182000775789,160,FI
FI-936,Virrat,15.4,1119.0240000000001,1280.1,14.394329344142735,-0.09857211239752754,-0.15241363201533642,-0.05384151961780888,161,FI
FI-153,Imatra,13.5,3764.136,4161.473,10.555861956103604,-0.5133781646422331,-0.5862883776163346,-0.0729102129741015,162,FI
FI-636,Pöytyä,17.9,902.0840000000001,1073.16,18.964531019284237,0.44722532476655824,0.3641714757091898,-0.08305384905736846,163,FI
FI-236,Kaustinen,17.8,438.88300000000004,521.262,18.770150586830635,0.42539342727999524,0.3422000084138269,-0.08319341886616832,164,FI
FI-783,Säkylä,16.4,907.335,1052.205,15.966539370794678,0.11974686246810654,0.025298500558862833,-0.0944483619092437,165,FI
FI-240,Kemi,14.5,2443.426,2731.3109999999997,11.782022455355708,-0.2950591897765986,-0.44769137498535216,-0.15263218520875355,166,FI
FI-148,Inari,19.2,704.5139999999999,848.113,20.382703537474086,0.7310399920918832,0.5244722359723313,-0.20656775611955192,167,FI
FI-420,Leppävirta,14.3,1323.56,1465.9379999999999,10.757200278038013,-0.33872298474972534,-0.5635304369129099,-0.2248074521631846,168,FI
FI-683,Ranua,14.3,461.526,511.05799999999994,10.732223103357107,-0.33872298474972534,-0.566353690106171,-0.22763070535644564,169,FI
FI-576,Padasjoki,12.9,532.8639999999999,575.186,7.942364280566921,-0.6443695495616137,-0.8817007191763193,-0.23733116961470557,170,FI
FI-271,Kokemäki,16.1,973.1109999999999,1109.624,14.028512677382146,0.05425117000841682,-0.19376310751744208,-0.2480142775258589,171,FI
FI-681,Rantasalmi,17.1,500.926,580.272,15.839864570814862,0.2725701448740513,0.010980026267128308,-0.261590118606923,172,FI
FI-849,Toholampi,17.1,379.125,438.746,15.725947906363333,0.2725701448740513,-0.0018963534990863306,-0.27446649837313764,173,FI
FI-263,Kiuruvesi,12.2,1111.722,1181.05,6.236091396949955,-0.7971928319675581,-1.0745664227151936,-0.27737359074763557,174,FI
FI-475,Maalahti,14.8,761.025,845.68,11.123813278144604,-0.22956349731690814,-0.5220909492020287,-0.2925274518851205,175,FI
FI-748,Siikajoki,20.9,452.76000000000005,556.255,22.858688930117488,1.1021822493634617,0.8043411064732032,-0.2978411428902584,176,FI
FI-260,Kitee,15.6,1601.4880000000003,1802.1540000000002,12.529972125922887,-0.054908317424400804,-0.36314813409423613,-0.30823981666983535,177,FI
FI-256,Kinnula,14.1,226.8,248.24900000000002,9.457231040564379,-0.3823867797228525,-0.7104702869049992,-0.32808350718214674,178,FI
FI-005,Alajärvi,14.6,1166.5639999999999,1284.933,10.146807204748317,-0.2732272922900353,-0.6325251977425619,-0.3592979054525266,179,FI
FI-581,Parkano,18.4,896.56,1053.156,17.466315695547426,0.5563848121993754,0.19482321070441766,-0.36156160149495775,180,FI
FI-142,Iitti,15.5,912.6959999999999,1018.1520000000002,11.554340108864315,-0.07674021491096417,-0.4734270684732304,-0.39668685356226624,181,FI
FI-046,Enonkoski,17.5,238.175,274.56,15.27658234491445,0.35989773482030474,-0.052689638668843235,-0.412587373489148,182,FI
FI-593,Pieksämäki,16.6,2493.162,2830.3,13.522506760491313,0.16341065744123404,-0.25095864059601364,-0.41436929803724765,183,FI
FI-935,Virolahti,15.7,435.26,485.88200000000006,11.630289941644092,-0.033076419937837435,-0.4648422060673528,-0.4317657861295154,184,FI
FI-616,Pukkila,17.6,191.58,220.84400000000002,15.275080906148872,0.3817296323068685,-0.052859351290208856,-0.43458898359707737,185,FI
FI-097,Hirvensalmi,16.0,335.352,375.284,11.907488251151035,0.03241927252185306,-0.43350955846088435,-0.4659288309827374,186,FI
FI-295,Kumlinge,8.9,57.148,55.97,-2.061314481696655,-1.5176454490241515,-2.0124498279419583,-0.4948043789178067,187,FI
FI-291,Kuhmoinen,15.0,456.642,499.98799999999994,9.492337542319792,-0.1858997023437814,-0.7065020821560065,-0.5206023798122251,188,FI
FI-217,Kannus,20.2,535.4720000000001,640.012,19.522962918695995,0.9493589669575176,0.42729289209734145,-0.5220660748601762,189,FI
FI-077,Hankasalmi,16.4,687.375,768.781,11.843026004728124,0.11974686246810654,-0.4407959407432403,-0.5605428032113469,190,FI
FI-545,Närpiö,14.3,1383.934,1491.255,7.754777323196059,-0.33872298474972534,-0.9029042973703041,-0.5641813126205788,191,FI
FI-050,Eura,18.5,1430.736,1655.2320000000002,15.690945080014767,0.5782167096859392,-0.005852839471748913,-0.584069549157688,192,FI
FI-102,Huittinen,17.9,1305.72,1495.13,14.50617283950618,0.44722532476655824,-0.13977158945190318,-0.5869969142184615,193,FI
FI-607,Polvijärvi,20.1,564.7180000000001,670.56,18.742451984884465,0.9275270694709546,0.33906914323822435,-0.5884579262327303,194,FI
FI-081,Hartola,17.8,471.975,539.1030000000001,14.22278722389958,0.42539342727999524,-0.17180360886189647,-0.5971970361418917,195,FI
FI-746,Sievi,15.4,422.26,461.874,9.38142376734714,-0.09857211239752754,-0.719039035328999,-0.6204669229314715,196,FI
FI-309,Outokumpu,18.0,869.44,993.395,14.256877990430613,0.46905722225312196,-0.1679502160462938,-0.6370074382994158,197,FI
FI-619,Punkalaidun,15.1,483.588,524.7,8.501451648924295,-0.16406780485721803,-0.8185052129514494,-0.6544374080942313,198,FI
FI-035,Brändö,15.1,67.195,72.812,8.35925292060422,-0.16406780485721803,-0.8345784085364653,-0.6705106036792472,199,FI
FI-043,Eckerö,19.7,108.528,127.17,17.17713401149933,0.8401994795247004,0.162136042385676,-0.6780634371390244,200,FI
FI-614,Posio,18.0,525.195,596.2919999999999,13.53725759003796,0.46905722225312196,-0.24929130523271256,-0.7183485274858346,201,FI
FI-778,Suonenjoki,14.5,1031.344,1100.112,6.667804340743731,-0.2950591897765986,-1.025768471677535,-0.7307092819009364,202,FI
FI-777,Suomussalmi,17.2,1228.593,1369.852,11.497623704514027,0.29440204236061424,-0.47983791244329094,-0.7742399548039052,203,FI
FI-205,Kajaani,17.3,3634.1910000000003,4052.9429999999998,11.522564444191278,0.316233939847178,-0.4770187776197706,-0.7932527174669486,204,FI
FI-320,Kemijärvi,15.2,1309.32,1406.0,7.38398558030123,-0.14223590737065467,-0.9448161222879122,-0.8025802149172576,205,FI
FI-781,Sysmä,16.0,764.3129999999999,832.048,8.86220697541454,0.03241927252185306,-0.7777278375872889,-0.810147110109142,206,FI
FI-146,Ilomantsi,16.2,864.546,942.8839999999999,9.061171990848358,0.0760830674949798,-0.7552381596174195,-0.8313212271123993,207,FI
FI-204,Kaavi,15.6,471.559,507.204,7.558969291223364,-0.054908317424400804,-0.925037130991221,-0.8701288135668201,208,FI
FI-747,Siikainen,13.9,241.41600000000003,251.46800000000002,4.163767107399672,-0.42605057469597923,-1.3088081351062208,-0.8827575604102416,209,FI
FI-430,Loimaa,20.4,2143.125,2498.04,16.56062992125984,0.9930227619306444,0.0924505329690444,-0.9005722289616,210,FI
FI-441,Luumäki,16.1,700.036,756.112,8.010445177105181,0.05425117000841682,-0.8740053088263788,-0.9282564788347957,211,FI
FI-233,Kauhava,19.6,2075.832,2380.905,14.696420519579636,0.8183675820381374,-0.1182672609143568,-0.9366348429524942,212,FI
FI-918,Vehmaa,17.8,288.918,321.035,11.116302895631293,0.42539342727999524,-0.5229398727365839,-0.9483333000165792,213,FI
FI-507,Mäntyharju,17.3,1211.922,1334.612,10.123588811821227,0.316233939847178,-0.6351496499799043,-0.9513835898270824,214,FI
FI-181,Jämijärvi,15.8,224.33100000000002,240.526,7.219242993612114,-0.011244522451273676,-0.9634375252239171,-0.9521930027726434,215,FI
FI-230,Karvia,13.8,358.32599999999996,370.07199999999995,3.2780205734442887,-0.4478824721825426,-1.408927014137046,-0.9610445419545034,216,FI
FI-758,Sodankylä,17.7,971.4509999999999,1072.632,10.4154507020941,0.40356152979343146,-0.6021595290302357,-1.0057210588236671,217,FI
FI-608,Pomarkku,15.7,304.99399999999997,324.481,6.3893060191348106,-0.033076419937837435,-1.0572480639791133,-1.0241716440412758,218,FI
FI-630,Pyhäntä,22.0,138.864,164.6,18.533241156815293,1.3423331217156598,0.31542134696194646,-1.0269117747537133,219,FI
FI-288,Kruunupyy,18.3,777.788,866.048,11.347565146286648,0.5345529147128125,-0.4967995307649763,-1.031352445477789,220,FI
FI-504,Myrskylä,18.9,235.25,264.11,12.267800212539857,0.6655442996321926,-0.39278229812992377,-1.0583265977621164,221,FI
FI-768,Sulkava,16.1,461.02,492.54400000000004,6.8378812199037045,0.05425117000841682,-1.006544115907812,-1.0607952859162286,222,FI
FI-615,Pudasjärvi,16.6,1117.966,1204.1190000000001,7.706227201900617,0.16341065744123404,-0.9083920791843677,-1.0718027366256018,223,FI
FI-584,Perho,18.5,275.9,306.782,11.193185936933675,0.5782167096859392,-0.5142495266651164,-1.0924662363510556,224,FI
FI-275,Konnevesi,18.9,401.931,449.82,11.914731633041495,0.6655442996321926,-0.4326908148954689,-1.0982351145276614,225,FI
FI-595,Pielavesi,17.1,715.7330000000001,773.87,8.122721741207956,0.2725701448740513,-0.8613143150618257,-1.133884459935877,226,FI
FI-317,Kärsämäki,18.7,327.152,363.56,11.128771946984893,0.621880504659066,-0.5215304543575751,-1.143410959016641,227,FI
FI-751,Simo,20.1,415.33200000000005,472.276,13.710477401211548,0.9275270694709546,-0.2297116933959199,-1.1572387628668745,228,FI
FI-177,Juupajoki,12.8,250.784,249.368,-0.5646293224448118,-0.6662014470481771,-1.8432745225222311,-1.1770730754740542,229,FI
FI-402,Lapinlahti,17.2,1081.29,1166.75,7.903522644249003,0.29440204236061424,-0.8860911186176891,-1.1804931609783034,230,FI
FI-273,Kolari,20.3,423.06,481.32,13.771096298397389,0.9711908644440814,-0.22285973767081077,-1.1940506021148922,231,FI
FI-739,Savitaipale,14.4,669.8340000000001,685.008,2.2653373820976506,-0.316891087263162,-1.52339396607444,-1.206502878811278,232,FI
FI-890,Utsjoki,18.5,157.56,173.128,9.88068037572987,0.5782167096859392,-0.6626063990568615,-1.2408231087428008,233,FI
FI-580,Parikkala,19.0,847.386,938.69,10.774782684632516,0.6873761971187564,-0.5615430389706962,-1.2489192360894528,234,FI
FI-239,Keitele,18.0,336.906,366.3,8.724688785595983,0.46905722225312196,-0.7932719763258276,-1.2623291985789495,235,FI
FI-859,Tyrnävä,19.0,371.67199999999997,411.075,10.601551905981625,0.6873761971187564,-0.5811238904979549,-1.2685000876167112,236,FI
FI-484,Merikarvia,14.9,515.256,527.948,2.4632415731209356,-0.20773159983034478,-1.5010241966187554,-1.2932925967884106,237,FI
FI-578,Paltamo,17.6,474.585,510.216,7.507822623976744,0.3817296323068685,-0.9308184090370148,-1.3125480413438835,238,FI
FI-176,Juuka,18.3,741.566,804.9509999999999,8.547452283411035,0.5345529147128125,-0.8133056081176008,-1.3478585228304132,239,FI
FI-086,Hausjärvi,24.8,693.84,839.79,21.03510895883776,1.9536262513394365,0.5982157923471785,-1.355410458992258,240,FI
FI-620,Puolanka,21.5,422.176,483.595,14.548197907981514,1.2331736342828425,-0.13502135607740137,-1.368194990360244,241,FI
FI-435,Luhanka,23.2,131.79000000000002,155.142,17.719098565900275,1.6043158915544211,0.2233960999540148,-1.3809197916004063,242,FI
FI-761,Somero,18.1,1341.494,1446.52,7.829032407152031,0.49088911973968574,-0.8945109980651259,-1.3854001178048116,243,FI
FI-981,Ypäjä,18.7,274.131,297.945,8.687087560327006,0.621880504659066,-0.7975221679775006,-1.4194026726365667,244,FI
FI-010,Alavus,18.2,1444.9679999999998,1552.486,7.440856821742783,0.5127210172262487,-0.9383877765660348,-1.4511087937922835,245,FI
FI-921,Vesanto,19.7,378.63200000000006,416.9,10.106911196095393,0.8401994795247004,-0.6370347763985434,-1.4772342559232439,246,FI
FI-090,Heinävesi,19.3,579.212,633.211,9.322838615222064,0.752871889578447,-0.7256611100803617,-1.4785329996588086,247,FI
FI-854,Pello,18.3,610.513,653.8530000000001,7.098947933950633,0.5345529147128125,-0.9770348762318527,-1.5115877909446653,248,FI
FI-489,Miehikkälä,17.5,330.546,348.64799999999997,5.476393603310878,0.35989773482030474,-1.1604375930619546,-1.5203353278822593,249,FI
FI-691,Reisjärvi,20.4,339.75,376.71,10.878587196467986,0.9930227619306444,-0.5498096694740082,-1.5428324314046526,250,FI
FI-844,Tervo,17.0,247.76,258.396,4.292864061995489,0.2507382473874875,-1.2942158766158502,-1.5449541240033378,251,FI
FI-785,Vaala,16.9,455.096,471.198,3.538154587164021,0.22890634990092376,-1.3795232006836582,-1.608429550584582,252,FI
FI-592,Petäjävesi,22.7,395.62300000000005,453.096,14.527214039628625,1.4951564041216039,-0.13739323256427852,-1.6325496366858825,253,FI
FI-074,Halsua,16.6,182.57399999999998,187.405,2.646050368617666,0.16341065744123404,-1.4803607099660039,-1.6437713674072378,254,FI
FI-857,Tuusniemi,17.6,374.027,390.897,4.5103695722501325,0.3817296323068685,-1.2696305048024512,-1.6513601371093198,255,FI
FI-845,Tervola,16.7,438.14599999999996,450.129,2.734933104490298,0.18524255492779704,-1.4703139984750513,-1.6555565534028482,256,FI
FI-139,Ii,22.4,876.1160000000001,996.132,13.698642645494413,1.4296607116619133,-0.23104941522782146,-1.6607101268897349,257,FI
FI-172,Joutsa,20.3,765.975,836.195,9.167401024837629,0.9711908644440814,-0.7432307383114175,-1.714421602755499,258,FI
FI-601,Pihtipudas,18.5,608.832,643.108,5.629796068537782,0.5782167096859392,-1.1430980018015766,-1.7213147114875158,259,FI
FI-300,Kuortane,21.9,539.752,605.199,12.125383509463607,1.320501224229096,-0.40888013212718144,-1.7293813563562774,260,FI
FI-689,Rautjärvi,20.9,548.42,603.3679999999999,10.01932825206958,1.1021822493634617,-0.64693456809056,-1.7491168174540217,261,FI
FI-069,Haapajärvi,24.0,708.01,819.75,15.782262962387538,1.7789710714469287,0.00446912473374814,-1.7745019467131806,262,FI
FI-261,Kittilä,19.5,567.864,607.158,6.919614555597815,0.7965356845515736,-0.9973055249165469,-1.7938412094681206,263,FI
FI-290,Kuhmo,20.4,1294.02,1402.67,8.396315358340683,0.9930227619306444,-0.8303891178330016,-1.823411879763646,264,FI
FI-178,Juva,18.1,1027.488,1066.5240000000001,3.7991684574418443,0.49088911973968574,-1.350019934114817,-1.8409090538545025,265,FI
FI-483,Merijärvi,25.6,108.9,128.71,18.191000918273648,2.1282814312319442,0.2767367936179784,-1.8515446376139657,266,FI
FI-009,Alavieska,19.3,294.723,311.93600000000004,5.840399290180956,0.752871889578447,-1.119292818644905,-1.872164708223352,267,FI
FI-216,Kannonkoski,14.2,220.935,211.75799999999998,-4.15371036730261,-0.3605548822362891,-2.2489602996455162,-1.888405417409227,268,FI
FI-686,Rautalampi,22.1,480.634,533.806,11.06288776907169,1.3641650192022237,-0.5289775622893229,-1.8931425814915466,269,FI
FI-976,Ylitornio,17.1,713.0759999999999,722.88,1.374888511182551,0.2725701448740513,-1.6240443659040311,-1.8966145107780825,270,FI
FI-626,Pyhäjärvi,21.8,805.567,889.372,10.403231512710917,1.298669326742533,-0.6035407046790373,-1.9022100314215704,271,FI
FI-846,Teuva,21.2,776.628,846.9240000000001,9.051437753982608,1.1676779418231522,-0.7563384528117573,-1.9240163946349096,272,FI
FI-765,Sotkamo,22.6,1167.968,1304.7979999999998,11.715218225156827,1.4733245066350409,-0.45524247948943836,-1.9285669861244792,273,FI
FI-284,Koski Tl,20.6,399.284,430.365,7.784183688802962,1.036686556903772,-0.8995803979836631,-1.9362669548874352,274,FI
FI-924,Veteli,19.6,420.39,443.336,5.458264944456345,0.8183675820381374,-1.1624867357153759,-1.9808543177535132,275,FI
FI-152,Isokyrö,19.2,587.86,614.337,4.503963528731327,0.7310399920918832,-1.2703546012245523,-2.0013945933164354,276,FI
FI-436,Lumijoki,20.8,147.46,158.57399999999998,7.536959175369574,1.0803503518768987,-0.9275250076490944,-2.0078753595259933,277,FI
FI-687,Rautavaara,14.0,294.768,277.68,-5.797101449275352,-0.40421867720941584,-2.4347182638360416,-2.0304995866266258,278,FI
FI-848,Tohmajärvi,20.9,606.179,650.56,7.321434757720074,1.1021822493634617,-0.9518864499710651,-2.0540686993345267,279,FI
FI-265,Kivijärvi,17.1,211.528,210.105,-0.672724178359367,0.2725701448740513,-1.8554928438910268,-2.128062988765078,280,FI
FI-563,Oulainen,25.3,881.8480000000001,1011.81,14.737460424018636,2.062785738772254,-0.11362838391010106,-2.176414122682355,281,FI
FI-250,Kihniö,22.2,276.02,297.33,7.720455039489893,1.3859969166887867,-0.9067838593428406,-2.292780776031627,282,FI
FI-697,Ristijärvi,19.3,232.776,232.8,0.010310341272296504,0.752871889578447,-1.7782871785868655,-2.531159068165312,283,FI
FI-071,Haapavesi,27.0,648.7679999999999,731.4490000000001,12.744309213771357,2.433927996043832,-0.3389208996118246,-2.7728488956556565,284,FI
FI-065,Geta,26.9,60.01599999999999,67.18799999999999,11.950146627565978,2.4120960985572686,-0.4286877401819384,-2.840783838739207,285,FI
FI-759,Soini,22.5,295.488,305.29900000000004,3.3202701970976944,1.451492609148477,-1.4041513985433118,-2.855644007691789,286,FI
FI-732,Salla,21.3,615.4000000000001,618.64,0.5264868378290372,1.1895098393097159,-1.7199420310348428,-2.909451870344559,287,FI
FI-105,Hyrynsalmi,22.7,411.05100000000004,418.789,1.8824914669955655,1.4951564041216039,-1.5666683142001783,-3.061824718321782,288,FI
FI-791,Siikalatva,23.0,763.7259999999999,779.0980000000001,2.01276373987532,1.5606520965812942,-1.5519432055720075,-3.1125953021533017,289,FI
FI-052,Evijärvi,26.1,327.375,352.968,7.81764032073311,2.2374409186647615,-0.8957986835127802,-3.1332396021775417,290,FI
FI-561,Oripää,27.9,171.44100000000003,189.36,10.451992230563272,2.630415073422903,-0.5980291184351537,-3.2284441918580566,291,FI
FI-889,Utajärvi,23.2,353.23199999999997,356.213,0.8439212755356399,1.6043158915544211,-1.6840613599279022,-3.2883772514823235,292,FI
FI-494,Muhos,31.2,668.1,759.122,13.624008381978737,3.3508676904794967,-0.239485574460771,-3.590353264940268,293,FI
FI-421,Lestijärvi,29.4,97.78399999999999,102.3,4.618342469115608,2.9578935357213547,-1.2574259688709262,-4.215319504592281,294,FI
FI-151,Isojoki,32.4,286.79699999999997,315.63599999999997,10.055544514063955,3.612850460318258,-0.6428409234478069,-4.255691383766065,295,FI
FI-832,Taivalkoski,35.0,520.856,548.457,5.29916138049672,4.180479794968908,-1.180470741142203,-5.360950536111111,296,FI
FI-218,Karijoki,33.5,220.365,220.96800000000002,0.27363692056361427,3.853001332670456,-1.7485224988201404,-5.601523831490597,297,FI
FI-941,Vårdö,27.0,72.861,63.114000000000004,-13.377527072096182,2.433927996043832,-3.2915590042047724,-5.725487000248604,298,FI
FI-495,Multia,32.9,264.654,237.38000000000002,-10.305530995186157,3.7220099477510753,-2.9443210621787776,-6.666331009929853,299,FI
